,Compound,Date,Negative,Neutral,Positive,Text
0,0.6696,Sun Jul 08 08:02:03 +0000 2018,0.572,0.0,0.428,üòçüèù Paradise is on our doorstep!  https://t.co/BWrCJcIzHl
1,0.0,Sat Jul 07 19:09:04 +0000 2018,1.0,0.0,0.0,'You don't look autistic' and other things not to say to people with autism. https://t.co/1GQS1Icvms
2,0.3818,Sat Jul 07 18:05:03 +0000 2018,0.852,0.0,0.148,"A South African woman is recovering in hospital after being discovered alive in a mortuary fridge.
üëâ‚Ä¶ https://t.co/IhrhDG1W2A"
3,-0.6908,Sat Jul 07 17:05:04 +0000 2018,0.612,0.388,0.0,The women paid to cry at the funerals of strangers. https://t.co/oF6wA0ecwI
4,0.0,Sat Jul 07 16:03:07 +0000 2018,1.0,0.0,0.0,These are the nine TV shows you NEED to watch in July. ‚òÄÔ∏èüì∫üå° https://t.co/p1pIcjGKap https://t.co/QCXpJOUav1
5,0.0,Sat Jul 07 16:01:37 +0000 2018,1.0,0.0,0.0,"What a moment! Ô∏è‚öΩÔ∏èüëè

England are into the #WorldCup semi-finals for the first time since 1990. üëâ‚Ä¶ https://t.co/jCgcFi9kjg"
6,0.0,Sat Jul 07 15:55:59 +0000 2018,1.0,0.0,0.0,RT @BBCSport: Hey Zlatan... you owe David Beckham dinner! üòâ #ENGSWE #bbcworldcup #ThreeLions https://t.co/Kf8auWDumI
7,0.2462,Sat Jul 07 15:55:41 +0000 2018,0.914,0.0,0.086,"RT @BBCSport: THEY'VE DONE IT!

England have reached a #WorldCup semi-final for the first time since 1990!

FT: #SWE 0-2 #ENG 

Reaction:
üì∫‚Ä¶"
8,0.4019,Sat Jul 07 15:08:04 +0000 2018,0.816,0.0,0.184,üñº How can virtual reality help visually impaired people 'see' art? https://t.co/9Ry7wblTsn
9,0.0,Sat Jul 07 13:57:03 +0000 2018,1.0,0.0,0.0,"BREAKING: News just in on the #Poldark set... 

#ENGSWE #ENG #WorldCup 

https://t.co/SXiXO99gi4"
10,0.694,Sat Jul 07 13:14:05 +0000 2018,0.597,0.0,0.403,üòçüñº 10-year-old Kareem is an OUTSTANDING artist. https://t.co/Ip4X0w1dpc
11,0.0,Sat Jul 07 12:51:07 +0000 2018,1.0,0.0,0.0,"Can the #ThreeLions go one step further? Today England face Sweden in the #WorldCup quarter-finals. #ENGSWE

Englan‚Ä¶ https://t.co/z7uo1UoVvR"
12,0.8516,Sat Jul 07 12:36:36 +0000 2018,0.633,0.0,0.367,"RT @BBCOne: To all the Delias out there, we hope you find your Patsy. Happy Pride! üåà #Pride2018 https://t.co/uBSjFODU1S"
13,0.7579,Sat Jul 07 12:36:04 +0000 2018,0.649,0.0,0.351,RT @bbcthree: This Amazing Human uses coffee to give homeless people a second chance. https://t.co/NkhLSn6KTB
14,0.5719,Sat Jul 07 12:31:04 +0000 2018,0.812,0.0,0.188,"One. Step. Closer. Ô∏è‚öΩÔ∏è‚û°Ô∏èüè†

Here's what could happen if @England won the #WorldCup... 

#ENGSWE #ENG #ThreeLions

https://t.co/XXqMRopNvK"
15,0.2023,Sat Jul 07 12:02:02 +0000 2018,0.63,0.147,0.223,"Scientists have designed a special type of drug that helps the body eat and destroy cancerous cells.
üëâ‚Ä¶ https://t.co/0kv12B5SRu"
16,0.5719,Sat Jul 07 11:03:09 +0000 2018,0.812,0.0,0.188,From vegetarian chilli to truffle pots: celebrate #WolrdChocolateDay in style with these recipes from @BBCFood. üòçüç´‚Ä¶ https://t.co/mlGEbp1WII
17,0.4404,Sat Jul 07 10:07:03 +0000 2018,0.695,0.102,0.203,üòÇ #Wimbledon has started and suddenly EVERYONE is a tennis expert. https://t.co/TYjCmdDXxP
18,0.0,Sat Jul 07 09:04:06 +0000 2018,1.0,0.0,0.0,üèÉüèª‚Äç‚ôÇÔ∏è Take a #parkour tour of Glasgow with Scotland's @RobbieJGriffith. https://t.co/SlvAKocTJ2
19,-0.5526,Sat Jul 07 08:50:30 +0000 2018,0.707,0.214,0.079,"RT @BBCSport: Stop EVERYTHING you are doing! ‚úã‚úã‚úã

Cancel your wedding! üë∞
Don't go shopping! üõç
The holiday can wait! ‚úàÔ∏è
Forget that first da‚Ä¶"
20,-0.4019,Sat Jul 07 08:50:23 +0000 2018,0.773,0.15,0.077,"RT @bbceastenders: ‚ÄúI realised what an important story it was to tell.‚Äù
@Bonnie_Langford and @DavoodGhadami discuss the knife crime storyli‚Ä¶"
21,-0.6486,Sat Jul 07 08:38:06 +0000 2018,0.699,0.301,0.0,RT @BBCNews: Steve Ditko: Spider-Man co-creator found dead at 90 https://t.co/Epd0LTJUKP
22,-0.34,Sat Jul 07 08:03:06 +0000 2018,0.738,0.16,0.102,"Seven years after her death, these previously unseen photographs show Amy Winehouse at ease in front of her friend'‚Ä¶ https://t.co/bYoqpBhIeV"
23,-0.3818,Sat Jul 07 07:04:07 +0000 2018,0.822,0.178,0.0,"Yassine scavenged on the dump for eight years. Now he runs it. 

https://t.co/gUOhlrkv6P"
24,-0.357,Fri Jul 06 20:03:06 +0000 2018,0.885,0.115,0.0,"üò∫üêæ They sweat through their paws and can't taste sweet things... 

16 things you never knew about cats üëâ‚Ä¶ https://t.co/IOfDUpm49v"
25,0.0,Fri Jul 06 19:02:04 +0000 2018,1.0,0.0,0.0,"üé∂ It's coming home üé∂

@Baddiel and @FrankOnTheRadio's song is sweeping the nation (again!)

Here's the story of how‚Ä¶ https://t.co/FTaRd9YNiZ"
26,0.0516,Fri Jul 06 18:00:25 +0000 2018,0.455,0.299,0.247,üòÇ How annoying is this? https://t.co/Z2vtjhPZXH
27,0.0,Fri Jul 06 17:03:02 +0000 2018,1.0,0.0,0.0,"üò≤üêª A new study reveals the hidden history of brown bears in Britain, suggesting they still roamed wild 1,500 years‚Ä¶ https://t.co/MdvCpNLZHr"
28,0.4588,Fri Jul 06 16:01:31 +0000 2018,0.833,0.0,0.167,"RT @BBCOne: Sherlock is ALL the goals on #InternationalKissingDay üòç
#Sherlock #BBCSherlock https://t.co/yTcpX43pg7"
29,0.4939,Fri Jul 06 16:01:00 +0000 2018,0.802,0.0,0.198,Actual footage of me leaving the office at exactly 5pm... üëã #FridayFeeling https://t.co/no9vchzANY
30,0.4199,Fri Jul 06 14:35:02 +0000 2018,0.9,0.0,0.1,"RT @BBCCiN: Thank you to everyone who got involved, fundraised and donated to BBC Children in Need last year! You have helped us to raise ¬£‚Ä¶"
31,0.2023,Fri Jul 06 14:32:06 +0000 2018,0.769,0.096,0.135,A man had to be rescued by firefighters after he became stuck in melted tarmac in Newcastle. üò∞üå°üöí‚Ä¶ https://t.co/Vv4Gk8hhuH
32,0.0,Fri Jul 06 13:08:03 +0000 2018,1.0,0.0,0.0,RT @bbcpress: ‚ÄòPainfully funny‚Äô bestseller #ThisIsGoingToHurt by @amateuradam to be adapted as eight-part @BBCTwo comedy-drama: https://t.c‚Ä¶
33,-0.296,Fri Jul 06 13:04:04 +0000 2018,0.896,0.104,0.0,"üíµüëü A disintegrating trainer worn by Michael J Fox in the Back to the Future sequel has sold for $92,100 (¬£70,143).‚Ä¶ https://t.co/NOGE8qFug2"
34,0.0,Fri Jul 06 12:00:19 +0000 2018,1.0,0.0,0.0,üêùüï∫üêù We all know someone who does the wasp dance. https://t.co/IJm0eTScUS
35,0.0,Fri Jul 06 11:02:07 +0000 2018,1.0,0.0,0.0,Beer glasses have been seized from a restaurant chain in Birmingham after they were found to be too small to contai‚Ä¶ https://t.co/qzSLHjzuLO
36,-0.1531,Fri Jul 06 09:11:30 +0000 2018,0.762,0.129,0.109,"RT @BBCBreaking: Thai cave rescue death:

- Diver named as Saman Kunan
- 'His job was to deliver oxygen, did not have enough on his way bac‚Ä¶"
37,0.6114,Fri Jul 06 09:10:00 +0000 2018,0.834,0.0,0.166,"RT @BBCRadio2: ""I think you and @Pink are the top end of the rock and roll ladies, and keep at it!"" - @flo_tweet was truly touched by this‚Ä¶"
38,0.0,Fri Jul 06 09:03:45 +0000 2018,1.0,0.0,0.0,"RT @BBCSport: ""I'm not David Beckham, so we're in trouble."" 

Gareth Southgate's reaction to his new-found status as a style icon. https://‚Ä¶"
39,0.0,Fri Jul 06 09:03:29 +0000 2018,1.0,0.0,0.0,"RT @CBeebiesHQ: Long before @WaffleWonderDog, we had Pippin üê∂üê∂

Hands up if you remember Come Outside üôã‚Äç‚ôÇÔ∏èüôã

#CBeebiesNostalgia 
#Throwback‚Ä¶"
40,0.7269,Fri Jul 06 09:03:13 +0000 2018,0.724,0.0,0.276,"RT @BBCRadio3: A rare chance to hear this monumental, modern masterpiece.
Gruppen - Stockhausen's avant-garde work for three orchestras fro‚Ä¶"
41,-0.2481,Fri Jul 06 09:02:44 +0000 2018,0.818,0.107,0.075,"RT @5liveSport: ""You should get a red card if you fake it!"" üî¥

John McEnroe doesn't hold on when giving his thoughts on VAR and 'the guy fr‚Ä¶"
42,0.0516,Fri Jul 06 08:02:01 +0000 2018,0.43,0.28,0.29,üíïüéà Georgina is 96-years-old and organises parties to help combat loneliness. https://t.co/JRAkMDNny8
43,0.0,Fri Jul 06 07:24:01 +0000 2018,1.0,0.0,0.0,"Why does alcohol affect women more than men?
üëâ https://t.co/UNwg06vOl3 https://t.co/HBR4lEMGXV"
44,0.0,Fri Jul 06 07:02:05 +0000 2018,1.0,0.0,0.0,"üòÇüê∂üé® But your dog probably wouldn't sit still long enough for this, right? https://t.co/U2Mdq3bOda"
45,0.5267,Thu Jul 05 19:03:03 +0000 2018,0.833,0.0,0.167,"Social media companies are deliberately addicting users to their products for financial gain, say Silicon Valley in‚Ä¶ https://t.co/5Vn7t2h1SF"
46,-0.296,Thu Jul 05 18:00:24 +0000 2018,0.784,0.216,0.0,The town where even the graves are bulletproof. https://t.co/MDyzEuNg3y
47,0.0,Thu Jul 05 17:04:07 +0000 2018,1.0,0.0,0.0,üéìüìö A Belgian boy has graduated secondary school aged eight after completing six years' study in just a year and a h‚Ä¶ https://t.co/eStTYhpek8
48,-0.6705,Thu Jul 05 16:02:03 +0000 2018,0.727,0.273,0.0,"In South Africa, three women are killed by their partners every day. https://t.co/Vg7jDZJgU6"
49,0.5719,Thu Jul 05 16:00:34 +0000 2018,0.866,0.0,0.134,"RT @BBCNewsPR: Watch the evolution of our evening news jingles as we celebrate the 64th anniversary of BBC TV News. Show your age, which on‚Ä¶"
50,0.0,Thu Jul 05 15:46:20 +0000 2018,1.0,0.0,0.0,RT @bbceastenders: It's coming home. #ENG https://t.co/Dp1R1SVjB4
51,-0.7003,Thu Jul 05 15:36:29 +0000 2018,0.766,0.234,0.0,"At least two suspected rhino poachers have been mauled to death and eaten by lions on a South African game reserve,‚Ä¶ https://t.co/m8V0TpFjsd"
52,-0.25,Thu Jul 05 14:02:04 +0000 2018,0.669,0.205,0.126,üå°üî•‚òÄÔ∏èFrom strength to bad breath: these are the weird things that happen to your body in extreme heat. üëâ‚Ä¶ https://t.co/sSsoIgrD5S
53,0.8428,Thu Jul 05 13:00:14 +0000 2018,0.57,0.0,0.43,üòçüíó Wouldn't the world be a better place if more people were kind like this? https://t.co/2v0UXIcXN8
54,0.0,Thu Jul 05 12:00:01 +0000 2018,1.0,0.0,0.0,"üõçüõí Is it possible to shop without buying plastic?
#PlasticsAction https://t.co/nV0kMA6UzE"
55,0.0,Thu Jul 05 11:32:57 +0000 2018,0.66,0.153,0.188,RT @bbcstories: Indian-born Dennis Moss was inspired by tragedy to join the Welsh Ambulance Service in 1976 - and he's still working there‚Ä¶
56,0.7289,Thu Jul 05 11:32:26 +0000 2018,0.746,0.0,0.254,"RT @bbcthesocial: Go to a festival without destroying the planet üåç

(you might need to ditch the glitter) https://t.co/RnlRy4lwjC"
57,-0.872,Thu Jul 05 11:26:56 +0000 2018,0.571,0.371,0.057,RT @bbcthree: Jack tragically died whilst playing the choking game. Now his mum wants to warn other YouTubers before it's too late. https:/‚Ä¶
58,-0.6908,Thu Jul 05 11:22:56 +0000 2018,0.808,0.192,0.0,"RT @BBCNews: ""We knew we didn't have to be frightened of being ill""

Beryl had life-saving treatment on the NHS just weeks after it began #‚Ä¶"
59,0.6486,Thu Jul 05 11:11:25 +0000 2018,0.806,0.0,0.194,RT @BBCWales: Staff from across the #NHS in Wales come together to create a one-off #NHSLipSync of Jess Glynne's song Hold My Hand for #NHS‚Ä¶
60,0.0,Thu Jul 05 11:03:07 +0000 2018,1.0,0.0,0.0,From a true-crime tale of 1930s Shanghai to a contemporary Native American poetry collection: these are the ten boo‚Ä¶ https://t.co/y5fZIoxLqa
61,0.0,Thu Jul 05 09:46:36 +0000 2018,1.0,0.0,0.0,"RT @BBC6Music: ""We need to radically look at mental health as the key thing""
- best-selling author and mental health activist @matthaig1 sp‚Ä¶"
62,0.0,Thu Jul 05 08:00:04 +0000 2018,1.0,0.0,0.0,üêöü¶ï She sold sea shells by the sea shore... and helped discover dinosaurs in the process! https://t.co/Pdh5RwpAwr
63,-0.296,Thu Jul 05 07:31:03 +0000 2018,0.845,0.155,0.0,üôäüì±üí¨Will we ever stop speaking and just text instead? @BBC_Culture investigates...  https://t.co/Mp1yApI6C5 https://t.co/e21jsc4lrb
64,-0.8807,Thu Jul 05 07:01:05 +0000 2018,0.673,0.327,0.0,"Chloe died of bone cancer at 18 after she was refused a drug trial for being too young. Now, her mum Debbie is tryi‚Ä¶ https://t.co/Fz1R6aiqJC"
65,0.9393,Wed Jul 04 19:03:04 +0000 2018,0.439,0.0,0.561,"Award-winning comedian Rich Hall explores the American dream. üá∫üá∏

Rich Hall's Working for the American Dream | 9pm‚Ä¶ https://t.co/cwNFVC4hGk"
66,-0.5103,Wed Jul 04 18:02:03 +0000 2018,0.535,0.321,0.144,The Dutch have a prison problem - too many cells and not enough prisoners. https://t.co/uIZ69q8dlF
67,0.6597,Wed Jul 04 16:52:02 +0000 2018,0.631,0.086,0.284,üòÇ 'Some people say policing in the country is a bit like #HotFuzz'. https://t.co/eOdStnQLN3
68,-0.296,Wed Jul 04 16:02:01 +0000 2018,0.855,0.145,0.0,"üíÉ Meet the incredible 23-year-old @SherrieSilver, who choreographed Childish Gambino's #ThisIsAmerica video. https://t.co/jUFLCUBXdl"
69,0.0,Wed Jul 04 14:27:00 +0000 2018,1.0,0.0,0.0,"RT @BBCWthrWatchers: If you find a pot of gold at the end of a regular rainbow, what do you get at the end of a rare #fogbow? ü§î 

Tomasz @S‚Ä¶"
70,0.0,Wed Jul 04 14:04:05 +0000 2018,1.0,0.0,0.0,When this couple went into hospital for the birth of their baby it wasn't just mum who had an eventful night... dad‚Ä¶ https://t.co/5FFq82YPZm
71,-0.8934,Wed Jul 04 13:01:25 +0000 2018,0.526,0.474,0.0,RT @BBCFOUR: Every Olympic athlete has battles to fight. Gymnast Margarita Mamun had to fight a war. https://t.co/cpsI8CyybU
72,0.7964,Wed Jul 04 12:34:02 +0000 2018,0.645,0.068,0.287,"""Y'alright love?""

üòÇ This crow has a Yorkshire accent and it's the best thing you'll hear today. https://t.co/3J8BQGiZM7"
73,0.6114,Wed Jul 04 12:01:08 +0000 2018,0.6,0.0,0.4,"üîäüêüüê°üê¨üê† 
 The sea is a wonderful place!  https://t.co/AFvOD3y9Os"
74,0.0,Wed Jul 04 11:01:08 +0000 2018,1.0,0.0,0.0,"For the first time, astronomers have captured an image of a planet that's still forming. üî≠üåüüì∏
https://t.co/WoDnm1SdVj https://t.co/Kq6llPJGLZ"
75,-0.802,Wed Jul 04 10:17:15 +0000 2018,0.725,0.275,0.0,A US hunter has come under criticism after pictures taken in South Africa of her posing with a dead giraffe went vi‚Ä¶ https://t.co/dYhxZkOuUH
76,0.7351,Wed Jul 04 08:00:11 +0000 2018,0.592,0.0,0.408,üé∏ This amazing human learnt to play guitar with a hook. https://t.co/GaTQ0FDpF4
77,-0.4019,Wed Jul 04 07:23:02 +0000 2018,0.87,0.13,0.0,Lung cancer is commonly associated with smoking. But rates of the disease among non-smokers ‚Äì and women ‚Äì are risin‚Ä¶ https://t.co/vYe3Cct7bp
78,0.34,Wed Jul 04 07:00:12 +0000 2018,0.789,0.0,0.211,üéπüé∂ Colette has played the piano for over a century. https://t.co/MeTB1jsYm8
79,0.6597,Tue Jul 03 21:01:39 +0000 2018,0.646,0.102,0.252,"RT @BBCMOTD: #ENG have won a #WorldCup penalty shootout for the first time in the nation's history.

We repeat: England have won a #WorldCu‚Ä¶"
80,-0.3182,Tue Jul 03 20:55:51 +0000 2018,0.905,0.095,0.0,"RT @BBCMOTD: argentIna knocked ouT
Spain lost to the hosts
france COnceded three 
gerMany have been elimINated
portuGal on tHe plane back t‚Ä¶"
81,0.2023,Tue Jul 03 19:32:04 +0000 2018,0.917,0.0,0.083,"Tonight, Joe Swift and @jowhiley take a look at what's in store at the RHS Hampton Court Palace Flower Show. üå∏üíêüå∑üè∞‚Ä¶ https://t.co/zaFy1lN26l"
82,-0.5106,Tue Jul 03 18:00:25 +0000 2018,0.752,0.248,0.0,"Don't let anyone tell you your pain is normal. 
#Endometriosis https://t.co/Iq5UWFYcto"
83,0.4019,Tue Jul 03 17:01:03 +0000 2018,0.753,0.067,0.18,"'Turning 30 is like playing musical chairs. The music stops, and everyone just marries whoever they happen to be si‚Ä¶ https://t.co/fsuTCD3AS6"
84,0.0,Tue Jul 03 16:00:18 +0000 2018,1.0,0.0,0.0,"üó£‚öΩÔ∏è Why is football so full of cliches? 
#WorldCup https://t.co/mMe3p1ibrB"
85,0.128,Tue Jul 03 15:21:59 +0000 2018,0.923,0.0,0.077,"üçìüéæ A young David Attenborough discusses the beginning of regular colour TV in Britain, launched at #Wimbledon in 19‚Ä¶ https://t.co/wUeuqWXGVT"
86,0.6808,Tue Jul 03 15:07:30 +0000 2018,0.547,0.124,0.328,"RT @BBCWorld: ""Today is the best day""

Families celebrate as rescuers reach boys trapped in Thailand cave https://t.co/61s78f6ZXk https://t‚Ä¶"
87,0.0,Tue Jul 03 14:23:58 +0000 2018,1.0,0.0,0.0,"RT @BBCWales: The story of Aneurin Bevan in 70 seconds. 
#NHS70 https://t.co/TKtkWEjohJ"
88,-0.6705,Tue Jul 03 14:03:05 +0000 2018,0.8,0.2,0.0,"üò®üêôüîÆ A 'psychic' octopus, who correctly predicted all of Japan's World Cup results, has been killed and turned into‚Ä¶ https://t.co/zeebvUYUfl"
89,0.5411,Tue Jul 03 12:19:44 +0000 2018,0.811,0.0,0.189,RT @BBCTwo: Look at these INCREDIBLE desserts inspired by #Wimbledon! üòã üéæ #GreatBritishMenu https://t.co/8rPzAAnSgT
90,0.2732,Tue Jul 03 12:00:20 +0000 2018,0.861,0.0,0.139,"üòçü¶î Meet Arbuckle... he's adorable, but he could be the world's fattest hedgehog. https://t.co/Svgc7oLBcx"
91,0.0,Tue Jul 03 11:31:42 +0000 2018,1.0,0.0,0.0,We're using around 9 billion fewer plastic bags now they cost 5p each... but there's still more to be done.‚Ä¶ https://t.co/dYXaZ2YFI8
92,0.128,Tue Jul 03 11:02:04 +0000 2018,0.903,0.0,0.097,"üëî A Japanese company has launched a line of business suits specifically for blue-collar workers.
üëâ‚Ä¶ https://t.co/mKOTswtAi1"
93,-0.9028,Tue Jul 03 09:37:17 +0000 2018,0.604,0.396,0.0,"RT @1Xtra: What's worse; scoring an own goal or having a DEAD trim?

@NickBrightDJ @CheekySport &amp; @MrBigzOfficial weren't happy with Sergio‚Ä¶"
94,0.0,Tue Jul 03 08:00:15 +0000 2018,1.0,0.0,0.0,‚ù§Ô∏è This man is cleaning all 388 Holocaust plaques in his city. https://t.co/AfdxFBxxJ4
95,0.8541,Tue Jul 03 07:26:06 +0000 2018,0.67,0.0,0.33,"üé®üê† Are we really the only creatures on Earth capable of delighting in beauty? Or can animals be artists too?
üëâ‚Ä¶ https://t.co/9tZ0X8jyqb"
96,0.0,Tue Jul 03 07:01:02 +0000 2018,1.0,0.0,0.0,Why scientists are counting seal pups in the Thames Estuary. https://t.co/GfMjrwpzPH
97,0.0,Mon Jul 02 19:01:05 +0000 2018,1.0,0.0,0.0,A golden retriever named Todd has been labelled a 'hero' after he was bitten by rattlesnake while protecting his ow‚Ä¶ https://t.co/jwSa2knHKj
98,-0.128,Mon Jul 02 18:01:05 +0000 2018,0.914,0.086,0.0,"This woman is cutting out the middle man and working directly with Indian farmers.

(via @BBCThree) https://t.co/faRaW27jTp"
99,0.1027,Mon Jul 02 16:13:24 +0000 2018,0.806,0.089,0.105,"12 boys and their football coach have been found alive after nine days missing in caves in Thailand, the regional g‚Ä¶ https://t.co/435VAvqUN9"
100,0.4019,Fri Jul 06 22:22:55 +0000 2018,0.847,0.0,0.153,"RT @SalvationCBS: Mark your calendars, #Salvies: Monday's new #SalvationCBS will air at a special time, 10/9c. https://t.co/RUh1J7cfj8"
101,0.8622,Fri Jul 06 18:26:37 +0000 2018,0.61,0.0,0.39,Happy #InternationalKissingDay! See which stars we caught locking lips on the CBS Kiss Cam. üòò https://t.co/oMPCHZlgCl
102,0.3612,Thu Jul 05 21:12:17 +0000 2018,0.898,0.0,0.102,Have you heard? Tonight's the first Live Show of #BB20. Grab a seat and get ready to watch the action unfold on CBS‚Ä¶ https://t.co/0YgRV1HLGd
103,0.3182,Mon Jul 02 21:13:11 +0000 2018,0.892,0.0,0.108,"How much does it cost to bury the truth? #OneDollar premieres Thursday, August 30, exclusively on CBS All Access.‚Ä¶ https://t.co/1tab8eCaFz"
104,0.0,Mon Jul 02 20:47:32 +0000 2018,1.0,0.0,0.0,Take a first look at our @Comic_Con lineup along with details of what you can expect to see:‚Ä¶ https://t.co/JqBtlKcwq3
105,0.0,Mon Jul 02 17:27:06 +0000 2018,1.0,0.0,0.0,RT @TrueCrimeCBS: Two new true-crime series are set to premiere this July on CBS! Learn more about #Whistleblower and #PinkCollarCrimes bef‚Ä¶
106,0.5411,Mon Jul 02 17:00:02 +0000 2018,0.741,0.0,0.259,"If at first you don‚Äôt succeed on @PriceIsRight‚Ä¶bid, bid again! https://t.co/OWBaOsFZ3i"
107,0.0,Wed Jun 27 20:31:32 +0000 2018,1.0,0.0,0.0,What‚Äôs summer without @CBSBigBrother? ‚òÄÔ∏è RT if you‚Äôre counting down the hours to the #BB20 premiere TONIGHT at 8/7c‚Ä¶ https://t.co/Xp1s4Fp5J8
108,0.7574,Wed Jun 27 14:00:01 +0000 2018,0.711,0.0,0.289,"It looks like you...

(‚Ä¢_‚Ä¢)
( ‚Ä¢_‚Ä¢)&gt;‚åê‚ñ†-‚ñ†
(‚åê‚ñ†_‚ñ†)

Have a lot of TV to watch!

Celebrate #NationalSunglassesDay with H‚Ä¶ https://t.co/Babt4ajIgV"
109,0.5574,Mon Jun 25 18:20:25 +0000 2018,0.796,0.0,0.204,The world will finally know the truth. ‚òÑÔ∏è Make sure to tune in to the heart-pounding Season 2 premiere of‚Ä¶ https://t.co/mqMleW90DY
110,0.1867,Fri Jun 22 21:19:06 +0000 2018,0.902,0.0,0.098,Tonight's the night! Don't miss model @ashleygraham on the season finale of Celebrity @undercover_cbs at 8/7c. https://t.co/iBxAOcOF7a
111,0.4199,Fri Jun 22 18:33:53 +0000 2018,0.811,0.0,0.189,"Every day is #TakeYourDogToWorkDay for shows like @HawaiiFive0CBS, @MomCBS, @SEALTeamCBS, and @bigbangtheory! https://t.co/DJaOt1VQcw"
112,0.4926,Thu Jun 21 23:29:50 +0000 2018,0.803,0.0,0.197,"Lights, camera, selfie! üì∏¬†Could there be a better photo for #NationalSelfieDay? https://t.co/14Ewx64yKC"
113,0.3555,Wed Jun 20 00:39:01 +0000 2018,0.68,0.122,0.199,There‚Äôs nothing quite like watching a contestant win a brand new car on @PriceIsRight. üëè  https://t.co/aKlFikYAMM
114,0.0,Mon Jun 18 20:27:50 +0000 2018,1.0,0.0,0.0,Time to make your predictions for #BB20! üëè Get to know the @CBSBigBrother Houseguests before the big premiere next‚Ä¶ https://t.co/jlpIchJ9sk
115,0.0,Mon Jun 18 15:00:46 +0000 2018,1.0,0.0,0.0,RT @CBSBigBrother: Meet the cast of #BB20... before anyone else! Start streaming all their live interviews beginning at 11am EST/8am PST on‚Ä¶
116,0.9392,Sun Jun 17 13:00:01 +0000 2018,0.507,0.0,0.493,"Today and every day we celebrate their love, guidance, and support. Happy #FathersDay to every kind of dad! https://t.co/Wffax1khBH"
117,0.3595,Fri Jun 15 18:48:29 +0000 2018,0.872,0.0,0.128,"Casting Alert! @paulwesley, @DaniaJRamirez &amp; @JamesWolk are set to star in the upcoming CBS All Access psychologica‚Ä¶ https://t.co/JnZMrzT92n"
118,-0.296,Thu Jun 14 17:30:00 +0000 2018,0.833,0.167,0.0,"In case you missed it, watch the entire #TonyAwards now: https://t.co/Bm0yNV3Ff3 https://t.co/h3YnFkmSQJ"
119,0.1779,Thu Jun 14 16:19:32 +0000 2018,0.734,0.12,0.147,RT @StrangeAngel: Mastermind or maniac? Explore the brilliant mind of Jack Parsons in #StrangeAngel. Now streaming on CBS All Access: https‚Ä¶
120,-0.5562,Tue Jun 12 00:19:23 +0000 2018,0.551,0.315,0.134,"No pain, no gain, ALL Hart! Just one month until the premiere of @TKOCBS hosted by @KevinHart4real. https://t.co/C1yMCglxVn"
121,0.5093,Mon Jun 11 22:23:06 +0000 2018,0.829,0.0,0.171,"RT @TheNeighborhood: Welcome to #TheNeighborhood, @BethBehrs! The @2BrokeGirls star returns to @CBS in a new sitcom alongside @CedEntertain‚Ä¶"
122,-0.296,Mon Jun 11 19:01:38 +0000 2018,0.833,0.167,0.0,"In case you missed it, watch the entire #TonyAwards now: https://t.co/Bm0yNV3Ff3 https://t.co/3GA5otlcPa"
123,0.0,Mon Jun 11 14:00:37 +0000 2018,1.0,0.0,0.0,How do you know @SaraBareilles and @joshgroban's music? #TonyAwards https://t.co/POMXBORfUT
124,0.0,Mon Jun 11 06:19:36 +0000 2018,1.0,0.0,0.0,Here are all the performances from the 2018 #TonyAwards: https://t.co/gN4ItpFlRd https://t.co/fSMNBXKC9r
125,0.4767,Mon Jun 11 06:04:41 +0000 2018,0.78,0.0,0.22,See the complete list of winners from the 2018 #TonyAwards: https://t.co/9XK6CGeber https://t.co/HkUIN4Quej
126,0.8478,Mon Jun 11 03:10:33 +0000 2018,0.594,0.0,0.406,An end to a magical evening. The Band's Visit wins for Best Musical! #TonyAwards https://t.co/ODza97n8YH
127,0.92,Mon Jun 11 03:02:06 +0000 2018,0.537,0.0,0.463,Congratulations are in order for @TheKatrinaLenk! She just won for Best Leading Actress in a Musical. #TonyAwards https://t.co/t9bNvpiEmH
128,0.4404,Mon Jun 11 02:58:30 +0000 2018,0.737,0.088,0.175,"RT @CBSThisMorning: Hmm... something seems off here @SaraBareilles @JoshGroban. üòÇ

@WaitressMusical @GreatCometBway #TonyAwards https://t.c‚Ä¶"
129,0.4404,Mon Jun 11 02:56:40 +0000 2018,0.847,0.0,0.153,RT @_stobin13: watching the #TonyAwards after going to 3 broadway shows this weekend makes it even better üòçü§©
130,0.836,Mon Jun 11 02:56:10 +0000 2018,0.533,0.0,0.467,Tony Shalhoub wins Best Leading Actor in a Musical. #TonyAwards   #TheBandsVisit https://t.co/KcUDSicKI5
131,0.0,Mon Jun 11 02:53:00 +0000 2018,1.0,0.0,0.0,The Boss looks right at home on the #TonyAwards stage! https://t.co/pwjv4iydkn
132,0.6369,Mon Jun 11 02:47:29 +0000 2018,0.682,0.0,0.318,RT @Aatamianphoto: Springsteen is on the #TonyAwards and I love it.
133,0.7978,Mon Jun 11 02:44:50 +0000 2018,0.457,0.0,0.543,Inspiration: Get to your YES! #OnceOnThisIsland #TonyAwards https://t.co/Wjp0QIWfXq
134,0.9523,Mon Jun 11 02:44:37 +0000 2018,0.484,0.0,0.516,The feeling when you win a Tony. üôå¬†Congratulations to Once on This Island for winning Best Revival of a Musical!‚Ä¶ https://t.co/UpFCqgBTwh
135,0.5994,Mon Jun 11 02:33:09 +0000 2018,0.698,0.0,0.302,What a beautiful performance by the cast of #TheBandsVisit. #TonyAwards https://t.co/4Hw96kZvrf
136,0.4215,Mon Jun 11 02:29:18 +0000 2018,0.877,0.0,0.123,"""I'm a living example of how theatre can change you - and it didn't just change me, it saved me."" @JohnLeguizamo at‚Ä¶ https://t.co/4ICwMhb6hv"
137,0.8932,Mon Jun 11 02:23:56 +0000 2018,0.483,0.0,0.517,Angels in America takes the win for Best Revival of a Play! #TonyAwards https://t.co/zodW61tw8a
138,0.0,Mon Jun 11 02:21:03 +0000 2018,1.0,0.0,0.0,"RT @leahableson: The Once On This Island Goat And Chicken made it to the broadcast, Mama WILL provide #TonyAwards"
139,0.0,Mon Jun 11 02:16:06 +0000 2018,1.0,0.0,0.0,That performance was the GOAT. #TonyAwards https://t.co/mtoU92HipQ
140,0.8908,Mon Jun 11 02:11:03 +0000 2018,0.509,0.0,0.491,Harry Potter and the Cursed Child wins Best Play at the #TonyAwards! @HPPlayNYC https://t.co/WIqJQmtAlN
141,0.0,Mon Jun 11 02:05:47 +0000 2018,1.0,0.0,0.0,üé∂ ‚ÄúLet's dance this last dance tonight.‚Äù üé∂ #TonyAwards #DonnaSummerMusical https://t.co/UAIaglChfv
142,0.4926,Mon Jun 11 02:03:31 +0000 2018,0.738,0.0,0.262,Hope he brought enough birthday cake for everyone! #TonyAwards https://t.co/FlLbKV6oj8
143,0.5093,Mon Jun 11 01:58:48 +0000 2018,0.477,0.0,0.523,@writerlindsayb You're welcome! #TonyAwards
144,0.7579,Mon Jun 11 01:53:17 +0000 2018,0.519,0.0,0.481,RT @hjmayer8: I sure do love @DearEvanHansen üíô #TonyAwards
145,0.6467,Mon Jun 11 01:51:16 +0000 2018,0.752,0.0,0.248,"RT @Valerie4815: What a birthday present, the Tony audience singing happy birthday to you!! #TonyAwards"
146,0.0,Mon Jun 11 01:38:23 +0000 2018,1.0,0.0,0.0,If only this performance could go on forever. #TonyAwards @FrozenBroadway https://t.co/p2BMUvyTxr
147,0.636,Mon Jun 11 01:37:36 +0000 2018,0.724,0.0,0.276,RT @anna_villanueva: Magnificent performance from the cast of @FrozenBroadway! #TonyAwards2018 #TonyAwards #Tonys
148,0.8834,Mon Jun 11 01:30:56 +0000 2018,0.437,0.0,0.563,Glenda Jackson wins Best Leading Actress in a Play. #TonyAwards @threetallwomen https://t.co/GRp1gcBuiW
149,0.0,Mon Jun 11 01:29:21 +0000 2018,1.0,0.0,0.0,.@SaraBareilles is totally a Gryffindor. #TonyAwards https://t.co/OPQ7esk2dn
150,0.7351,Mon Jun 11 01:26:03 +0000 2018,0.625,0.079,0.296,RT @IzzyNY202: How impressive are these Marjory Stoneman Douglas students? That #TonyAwards performance reduced me to tears. Amazing.
151,0.0,Mon Jun 11 01:25:59 +0000 2018,1.0,0.0,0.0,RT @KatLargent: MAGIC #TonyAwards
152,0.0,Mon Jun 11 01:24:46 +0000 2018,1.0,0.0,0.0,Such a touching moment at the #TonyAwards. ‚ù§Ô∏è https://t.co/4kJWTHVPZ8
153,0.4019,Mon Jun 11 01:24:12 +0000 2018,0.838,0.0,0.162,.@Matt_Morrison welcomes the Marjory Stoneman Douglas High School theatre department to the stage. #TonyAwards https://t.co/5dxa9smeka
154,0.9151,Mon Jun 11 01:19:59 +0000 2018,0.543,0.0,0.457,So many feels at the #TonyAwards. Congratulations to @arielstachel for winning Best Featured Actor in a Musical!‚Ä¶ https://t.co/m1aRNIHPRK
155,0.6369,Mon Jun 11 01:12:31 +0000 2018,0.625,0.0,0.375,RT @McBenefit: I love everything about you @UzoAduba. #TonyAwards
156,0.1511,Mon Jun 11 01:08:28 +0000 2018,0.898,0.0,0.102,RT if that musical number by the cast of Carousel blew you away! #TonyAwards https://t.co/CMzMNtcAQO
157,0.1531,Mon Jun 11 01:08:24 +0000 2018,0.852,0.0,0.148,Nathan Lane saw his #AngelsinAmerica role as a challenge. How will you challenge yourself in 2018? #TonyAwards https://t.co/3WXd6AqgBi
158,0.8834,Mon Jun 11 01:02:47 +0000 2018,0.437,0.0,0.563,Nathan Lane wins Best Featured Actor in a Play. #TonyAwards @angelsbway https://t.co/xc8M7JtLDE
159,0.0,Mon Jun 11 00:58:06 +0000 2018,1.0,0.0,0.0,üåü¬†@joshgroban and @SaraBareilles are Host Goals. üåü #TonyAwards https://t.co/OGQec8cXJ6
160,0.2714,Mon Jun 11 00:52:34 +0000 2018,0.793,0.0,0.207,RT @adub369: This is unbelievable! @SaraBareilles and @joshgroban #TonyAwards
161,0.0,Mon Jun 11 00:51:11 +0000 2018,1.0,0.0,0.0,Who lives in a pineapple and just performed at The Tonys? üççüé∂ The cast of SpongeBob SquarePants: The Musical!‚Ä¶ https://t.co/mvFxdh9UJi
162,0.8883,Mon Jun 11 00:50:18 +0000 2018,0.433,0.0,0.567,‚ú® @LindsayMendez wins Best Featured Actress in a Musical! #TonyAwards @carouselbway https://t.co/MtgFowscN5
163,0.9134,Mon Jun 11 00:45:14 +0000 2018,0.387,0.0,0.613,A big congratulations to @springsteen for his Special Tony award! ‚ú®¬†#TonyAwards https://t.co/i16u8uv9aT
164,0.0,Mon Jun 11 00:44:36 +0000 2018,1.0,0.0,0.0,Can the 73rd annual #TonyAwards just be three-hours of @TitussBurgess? https://t.co/3rCZwwTUtv
165,0.25,Mon Jun 11 00:35:41 +0000 2018,0.92,0.0,0.08,"RT @CBSThisMorning: ""We know there are a lot of you out there who have photos of yourself in school plays or community theater."" Post your‚Ä¶"
166,0.4588,Mon Jun 11 00:34:45 +0000 2018,0.85,0.0,0.15,Keep your acceptance speeches short or else the #TonyAwards will get the angels involved. #AngelsInAmerica üëº https://t.co/oznhezRzDc
167,0.0,Mon Jun 11 00:31:28 +0000 2018,1.0,0.0,0.0,"If you haven't started singing, you will be the rest of the night. #TonyAwards #MyFairLady https://t.co/jbGXwnru8N"
168,0.3612,Mon Jun 11 00:27:42 +0000 2018,0.737,0.0,0.263,RT @marialena_rago: I like this opener for @MyFairLadyBway #TonyAwards
169,0.8908,Mon Jun 11 00:27:00 +0000 2018,0.43,0.0,0.57,Laurie Metcalf wins Best Featured Actress in a Play! #TonyAwards @threetallwomen https://t.co/y4teyJaRPs
170,0.0,Mon Jun 11 00:24:31 +0000 2018,1.0,0.0,0.0,Tina Fey has a boat?? #MeanGirls #TonyAwards https://t.co/phYxmHMd3d
171,0.0,Mon Jun 11 00:22:15 +0000 2018,1.0,0.0,0.0,Representing the hardest-working men and women in Broadway‚Ä¶¬†ensemble members from every nominated musical tonight!‚Ä¶ https://t.co/imlEEnOUla
172,0.6369,Mon Jun 11 00:22:15 +0000 2018,0.588,0.0,0.412,RT @misschae: I love theatre so much. #TonyAwards
173,0.0,Mon Jun 11 00:18:16 +0000 2018,1.0,0.0,0.0,On Wednesdays they wear pink and on Sundays they perform at the #TonyAwards. üíï Who thought that performance by the‚Ä¶ https://t.co/w7QDkaX6kF
174,0.6369,Mon Jun 11 00:13:27 +0000 2018,0.756,0.0,0.244,"RT @MichaelJMoritz: ""We are all made perfectly and we all belong‚Äù - Andrew Garfield #TonyAwards"
175,0.8834,Mon Jun 11 00:12:31 +0000 2018,0.437,0.0,0.563,Andrew Garfield wins Best Leading Actor in a Play. #TonyAwards @angelsbway https://t.co/s2VQnw6IPP
176,0.6696,Mon Jun 11 00:06:39 +0000 2018,0.64,0.0,0.36,"RT @nightingalen: Love this opening song! @joshgroban
@SaraBarreilles 
#TonyAwards"
177,0.3182,Mon Jun 11 00:04:15 +0000 2018,0.85,0.0,0.15,‚ú® @joshgroban and @SaraBareilles take the stage to begin an unforgettable evening. #TonyAwards https://t.co/y9uzlK2DzO
178,0.0,Sun Jun 10 23:59:00 +0000 2018,1.0,0.0,0.0,Grab your popcorn... it's time for the #TonyAwards! Go and stream the entire show now: https://t.co/Wo1algQHix https://t.co/JGYTk4NPDN
179,0.4374,Sun Jun 10 23:18:15 +0000 2018,0.855,0.0,0.145,‚ú® @thegoodfight's Christine Baranski has arrived on the #TonyAwards red carpet! Watch LIVE at 8/7c on CBS! https://t.co/XnXAnPtRrc
180,0.0,Sun Jun 10 22:01:25 +0000 2018,1.0,0.0,0.0,"The hosts have arrived! We're LIVE with @SaraBareilles, @joshgroban and more on the #TonyAwards red carpet hosted b‚Ä¶ https://t.co/NtarbgywLe"
181,0.4184,Sun Jun 10 15:00:01 +0000 2018,0.843,0.0,0.157,Tonight's the night! Join @etnow's @DDirecto on the #TonyAwards' red carpet starting at 5PM ET! https://t.co/hZLOSiIRAT
182,0.68,Sat Jun 09 21:00:02 +0000 2018,0.763,0.0,0.237,These two know a thing or two about awards! Watch them light up the stage tomorrow at the #TonyAwards. ‚ú® https://t.co/KHVZp65oLS
183,0.0,Sat Jun 09 16:00:00 +0000 2018,1.0,0.0,0.0,Here's everything you need to know before watching the #TonyAwards this Sunday at 8/7c: https://t.co/jcRgNGmLUZ https://t.co/8suUhVPFK6
184,0.296,Fri Jun 08 19:46:17 +0000 2018,0.82,0.0,0.18,Join @etnow's @DDirecto this Sunday on the #TonyAwards' red carpet. https://t.co/7jS8g10KmY
185,0.0,Fri Jun 08 15:00:03 +0000 2018,1.0,0.0,0.0,Here's @laChanze with a reminder that you can stream the #TonyAwards this Sunday on CBS All Access! https://t.co/8TDEXzKmyQ
186,0.9078,Fri Jun 08 13:58:15 +0000 2018,0.564,0.0,0.436,"We all get by with a little help from our friends, so what better way to celebrate #NationalBestFriendsDay than to‚Ä¶ https://t.co/pIZezbBwaT"
187,0.3612,Thu Jun 07 17:03:26 +0000 2018,0.872,0.0,0.128,"Get ready for show-stopping performances by the casts of the 2018 Tony-nominated shows Mean Girls, SpongeBob Square‚Ä¶ https://t.co/NiSx9Bbw0F"
188,0.2732,Wed Jun 06 21:00:24 +0000 2018,0.719,0.105,0.176,Don‚Äôt miss a special performance from @springsteen this Sunday at the #TonyAwards: https://t.co/LYYdleaFwU https://t.co/IKkKoITH9y
189,0.3595,Wed Jun 06 00:08:30 +0000 2018,0.872,0.0,0.128,"RT @CBSThisMorning: .@SaraBareilles and @joshgroban are hosting this Sunday's @TheTonyAwards on @CBS! 

Wednesday, they'll join us LIVE on‚Ä¶"
190,-0.4404,Tue Jun 05 22:23:35 +0000 2018,0.723,0.177,0.1,"RT @SU2C: SU2C telecast Co-Executive Producer Bradley Cooper sits down with Mitch Carbon, a pediatric cancer survivor who benefited from #S‚Ä¶"
191,0.4574,Tue Jun 05 22:12:28 +0000 2018,0.824,0.0,0.176,RT @StrangeAngel: About last night... The #StrangeAngel screening party was a blast! Pun intended. üöÄüòè https://t.co/m64EcNmweY
192,0.5093,Tue Jun 05 19:00:02 +0000 2018,0.845,0.0,0.155,These CBS stars can really belt it out! Find out which celebs from your favorite shows are pitch-perfect:‚Ä¶ https://t.co/X4zMACFazB
193,0.0,Tue Jun 05 15:04:41 +0000 2018,1.0,0.0,0.0,"More stars are set to appear at the #TonyAwards, including @billyjoel, @amyschumer, and @katharinemcphee. See who e‚Ä¶ https://t.co/lPUocBcn9t"
194,0.0,Mon Jun 04 17:00:00 +0000 2018,1.0,0.0,0.0,"The #TonyAwards are just days away, and @joshgroban and @SaraBareilles will bring all they've got to Broadway's Big‚Ä¶ https://t.co/eKkWn6ClSq"
195,-0.3903,Fri Jun 01 17:39:17 +0000 2018,0.807,0.131,0.062,"Call us old-fashioned, but we donut want you missing out on #NationalDonutDay! Here are a few treats from us to you‚Ä¶ https://t.co/HpzN8bQ3SO"
196,0.8442,Fri Jun 01 17:00:03 +0000 2018,0.664,0.0,0.336,Remember @Lin_Manuel‚Äôs beautiful sonnet from the 70th Annual Tony Awards¬Æ? Relive some of the greatest moments in‚Ä¶ https://t.co/IZjeQLd58C
197,0.8932,Thu May 31 23:50:00 +0000 2018,0.545,0.0,0.455,"Good friends @joshgroban and @SaraBareilles are hosting the #TonyAwards together? Well, this is bound to be fun! https://t.co/26Vgzp0s2e"
198,0.4926,Wed May 30 15:07:34 +0000 2018,0.849,0.0,0.151,"The #TonyAwards just got even better because @UzoAduba, @MattBomer, and more stars will be presenting live! Find ou‚Ä¶ https://t.co/hfFBtWo1T9"
199,0.0,Mon May 28 21:00:01 +0000 2018,1.0,0.0,0.0,"Mark your calendars. @SalvationCBS returns Monday, June 25 at 9/8c! ‚òÑÔ∏è https://t.co/N9pYuhYLRF"
200,-0.2732,Sun Jul 08 07:59:06 +0000 2018,0.9,0.1,0.0,US citizens in Haiti have been warned to stay inside amid demonstrations against a sharp rise in fuel prices ordere‚Ä¶ https://t.co/bvZW6aeR0j
201,-0.5994,Sun Jul 08 07:47:37 +0000 2018,0.83,0.17,0.0,"Soybean farmers, apple growers and auto workers are among the US workers bracing for fallout from a trade war betwe‚Ä¶ https://t.co/pJgG75lFXx"
202,0.5106,Sun Jul 08 07:34:04 +0000 2018,0.87,0.0,0.13,"Divers have entered the Thai cave to begin the rescue operation for 12 boys and their soccer coach, who have been t‚Ä¶ https://t.co/5gVYZAiQgY"
203,0.4215,Sun Jul 08 07:31:00 +0000 2018,0.798,0.0,0.202,"83-year-old artist Christo has been creating conceptually challenging, and large-scale work since the late 1950s. N‚Ä¶ https://t.co/NQY1wlS4fm"
204,-0.8176,Sun Jul 08 07:17:03 +0000 2018,0.694,0.306,0.0,Flooding in southwestern Japan has killed at least 55 people and forced 2 million others to flee their homes https://t.co/kl5tgC50T0
205,-0.6705,Sun Jul 08 07:10:29 +0000 2018,0.8,0.2,0.0,"Water levels in parts of the Thai cave where 12 boys and their soccer coach are trapped are now ""low enough to walk‚Ä¶ https://t.co/LUxn7q5Zn4"
206,0.5106,Sun Jul 08 06:54:35 +0000 2018,0.864,0.0,0.136,"The 12 boys and their coach are aware that an operation to rescue them from a flooded Thai cave has begun, official‚Ä¶ https://t.co/yhEOb261e6"
207,0.5994,Sun Jul 08 06:38:02 +0000 2018,0.843,0.0,0.157,"On Saturday the boys were able to send messages to their families - many told their parents that they loved them, a‚Ä¶ https://t.co/eqzRQeJbzD"
208,0.765,Sun Jul 08 06:33:04 +0000 2018,0.752,0.0,0.248,Officials say the rescue mission to free 12 boys and their coach from a flooded Thai cave could take days. Follow l‚Ä¶ https://t.co/IRaAySiV28
209,0.0,Sun Jul 08 06:31:00 +0000 2018,1.0,0.0,0.0,A police officer asked a 6-year-old girl in a wheelchair to dance. The internet swooned. https://t.co/lcjkyB8LSz https://t.co/VVlMHLuePu
210,0.5106,Sun Jul 08 06:17:17 +0000 2018,0.87,0.0,0.13,"Divers have entered the Thai cave to begin the rescue operation for 12 boys and their soccer coach, who have been t‚Ä¶ https://t.co/F7lDfDwJ20"
211,-0.7506,Sun Jul 08 06:01:08 +0000 2018,0.652,0.348,0.0,Lions killed suspected rhino poachers who sneaked into a South African game reserve https://t.co/l3nGSLbHMk https://t.co/vhC1ZUmMnT
212,0.0,Sun Jul 08 05:46:05 +0000 2018,1.0,0.0,0.0,Looking at buildings can actually give people headaches. Here's why https://t.co/zJ0QMIb7eW VIA @CNNStyle https://t.co/SMFnlcEUSW
213,0.7096,Sun Jul 08 05:31:00 +0000 2018,0.718,0.0,0.282,"Disney Imagineering has released video of ""Stuntronics"" ‚Äî robots capable of performing impressive stunts at its the‚Ä¶ https://t.co/ctL0Mxroom"
214,-0.3299,Sun Jul 08 05:16:00 +0000 2018,0.747,0.156,0.097,Xiaomi was once the world's most valuable startup. But escalating trade tensions might now stunt the Chinese smartp‚Ä¶ https://t.co/uZvwjpDQbi
215,0.0,Sun Jul 08 05:01:05 +0000 2018,1.0,0.0,0.0,A giant 'Trump Baby' balloon is set to be flown close to the UK Parliament during President Trump's upcoming visit‚Ä¶ https://t.co/IrD68EeOJJ
216,0.0,Sun Jul 08 04:31:00 +0000 2018,1.0,0.0,0.0,Sesame Place is the first theme park to be designated as a Certified Autism Center. 80% of their staff has undergon‚Ä¶ https://t.co/Wspl2KLupO
217,-0.8126,Sun Jul 08 04:01:07 +0000 2018,0.625,0.375,0.0,Protesters in Chicago shut down part of a major interstate during a march against gun violence. @RyanYoungNews talk‚Ä¶ https://t.co/VXjxPEG2lv
218,-0.0258,Sun Jul 08 03:53:00 +0000 2018,0.749,0.127,0.124,Divers have entered the Thai cave to begin the rescue operation for 12 boys and their soccer coach trapped for more‚Ä¶ https://t.co/IKOn0N4NkQ
219,0.0258,Sun Jul 08 03:30:08 +0000 2018,0.932,0.0,0.068,England beat Sweden to reach World Cup semifinals for the first time since 1990 https://t.co/gF9aC1Jtgs https://t.co/YmC4XsYKr1
220,-0.3736,Sun Jul 08 03:00:22 +0000 2018,0.869,0.131,0.0,"What was your ""can‚Äôt miss"" reality show? @survivorcbs? Making the Band? @CBSBigBrother? Revisit the dawn of reality‚Ä¶ https://t.co/czqbBpMb3J"
221,-0.5106,Sun Jul 08 02:30:08 +0000 2018,0.699,0.301,0.0,Chicago gun protesters close part of major interstate near downtown https://t.co/18JPXp9xuX https://t.co/tjyVSxXu6g
222,0.3818,Sun Jul 08 02:00:17 +0000 2018,0.852,0.0,0.148,"President Trump keeps claiming credit for fixing things that aren't fixed, writes Z. Byron Wolf‚Ä¶ https://t.co/BiPcMEBaMP"
223,-0.7184,Sun Jul 08 01:30:12 +0000 2018,0.714,0.286,0.0,US destroyers sail through Taiwan Strait in a move that could heighten tensions between Washington and Beijing‚Ä¶ https://t.co/g2L1CgS9C9
224,-0.128,Sun Jul 08 01:00:08 +0000 2018,0.903,0.097,0.0,Thousands without power in Los Angeles after high demand due to heat wave https://t.co/humfjPvDqI https://t.co/1yD5Vrpiux
225,0.0,Sun Jul 08 00:30:32 +0000 2018,1.0,0.0,0.0,President Trump's #MeToo swipe updates his 2016 playbook https://t.co/ufQrSgRS9J | Analysis by Stephen Collinson https://t.co/IkPXKZ3tbj
226,0.0,Sun Jul 08 00:00:12 +0000 2018,1.0,0.0,0.0,Separated migrant parents sue US immigration officials for more communication with children https://t.co/RSD5UZx45G https://t.co/o9QlevWGsB
227,0.0,Sat Jul 07 23:30:10 +0000 2018,1.0,0.0,0.0,"A Republican congressional candidate in Kansas tells an audience that ""outside of Western civilization there is onl‚Ä¶ https://t.co/SqhU3QH0K4"
228,0.0,Sat Jul 07 23:00:08 +0000 2018,1.0,0.0,0.0,"Sen. Tom Carper says Andrew Wheeler, the new acting head of the Environmental Protection Agency, should do everythi‚Ä¶ https://t.co/V7zPAKEQPe"
229,-0.4588,Sat Jul 07 22:45:07 +0000 2018,0.733,0.267,0.0,"As Haiti protests continue, US citizens warned to shelter in place https://t.co/TGb3qwDS0t https://t.co/b7495Js8GL"
230,0.0,Sat Jul 07 22:30:10 +0000 2018,1.0,0.0,0.0,"Vice President Mike Pence met with potential SCOTUS picks Brett Kavanaugh, Raymond Kethledge and Amy Coney Barrett‚Ä¶ https://t.co/OMVUea78cu"
231,0.0,Sat Jul 07 22:15:07 +0000 2018,1.0,0.0,0.0,UK police officer seeks medical attention in connection with nerve agent incident https://t.co/DwZ1Fxp6LX https://t.co/4VxaF4tGtZ
232,0.34,Sat Jul 07 22:00:07 +0000 2018,0.844,0.0,0.156,Ex-Homeland Security secretary under former President Obama opposes Democrats' calls to abolish ICE‚Ä¶ https://t.co/6YIsPiTw3x
233,0.5267,Sat Jul 07 21:45:05 +0000 2018,0.746,0.0,0.254,How England is winning the social media World Cup https://t.co/gyLsNd9Ocy https://t.co/ZujgLcb28J
234,0.0258,Sat Jul 07 21:30:17 +0000 2018,0.61,0.192,0.197,"The immigration crisis is about the devaluation of love, writes Andrew Solomon for @CNNOpinion‚Ä¶ https://t.co/vFqUS94jvJ"
235,-0.25,Sat Jul 07 21:15:49 +0000 2018,0.882,0.118,0.0,"Demonstrators participated in an Occupy ICE protest and counterprotest in Louisville, Kentucky, on Saturday. Severa‚Ä¶ https://t.co/bVUMtxlVA7"
236,-0.6486,Sat Jul 07 21:15:08 +0000 2018,0.629,0.371,0.0,Croatia defeats host Russia in World Cup penalty shootout https://t.co/P9FQYi78PE https://t.co/PcLDfsLY7E
237,0.0,Sat Jul 07 21:00:13 +0000 2018,1.0,0.0,0.0,"Europe's migration policies are not so different from President Trump's, writes Tim Lister https://t.co/qC23dLLOM5 https://t.co/GnOx7CBDYw"
238,-0.5423,Sat Jul 07 20:45:04 +0000 2018,0.71,0.29,0.0,"US soybean farmers say China tariffs could result in ""serious damage"" https://t.co/l8ULAXA9YG https://t.co/QLObizQHlc"
239,0.2732,Sat Jul 07 20:30:16 +0000 2018,0.751,0.099,0.15,"The Trump administration is expected to halt some payments under the Affordable Care Act's risk adjustment program,‚Ä¶ https://t.co/G1c4AYOFa5"
240,-0.25,Sat Jul 07 20:15:36 +0000 2018,0.882,0.118,0.0,"Demonstrators participated in an Occupy ICE protest and counterprotest in Louisville, Kentucky, on Saturday. Severa‚Ä¶ https://t.co/8e0EJZDAQG"
241,0.7717,Sat Jul 07 20:00:06 +0000 2018,0.675,0.0,0.325,"I forgave my father for walking out on me. I hope he forgave me too, writes LZ Granderson for @CNNOpinion.‚Ä¶ https://t.co/mSAgA8AHjE"
242,-0.2732,Sat Jul 07 19:45:06 +0000 2018,0.798,0.135,0.067,Woman who accused Justin Trudeau of groping says she considers the matter closed https://t.co/lf1a3ymJUx https://t.co/eAPMtmODGu
243,0.0,Sat Jul 07 19:30:11 +0000 2018,1.0,0.0,0.0,Settle in with these weekend reads https://t.co/CFcAwnhSCd https://t.co/CBE7Quggod
244,-0.5267,Sat Jul 07 19:15:05 +0000 2018,0.779,0.221,0.0,"Boys, soccer coach trapped in Thai cave exchange notes with families https://t.co/bkVsavqX6o https://t.co/weZdNV7uD7"
245,-0.3612,Sat Jul 07 19:00:03 +0000 2018,0.839,0.161,0.0,The Trump administration separated families. Reuniting them is a giant mess. https://t.co/KhFwsm62ZR | Analysis by‚Ä¶ https://t.co/l4AY3Xmd9q
246,-0.8225,Sat Jul 07 18:45:06 +0000 2018,0.568,0.432,0.0,US service member killed in Afghanistan in apparent insider attack https://t.co/RDjAPBWQtH https://t.co/6eytuAXaem
247,-0.5423,Sat Jul 07 18:30:05 +0000 2018,0.696,0.304,0.0,"Fast-moving wildfire kills 1 in California, forces evacuations https://t.co/NVtowXvV8B https://t.co/xL8hQ2rl7Z"
248,-0.296,Sat Jul 07 18:15:04 +0000 2018,0.905,0.095,0.0,"Storm clouds pressure rescuers to get 12 young boys and their soccer coach out of the Thai cave, where they remain‚Ä¶ https://t.co/ca3vaBtzIO"
249,-0.7845,Sat Jul 07 18:00:12 +0000 2018,0.432,0.47,0.097,Women's top seed Simona Halep suffers shock defeat at Wimbledon https://t.co/GWMo4Y4ea5 https://t.co/XbbVXTXIgE
250,0.4019,Sat Jul 07 17:45:04 +0000 2018,0.803,0.0,0.197,Democrats look for a Conor Lamb redux in Ohio's special election https://t.co/kvjuD0LlJh https://t.co/AxNdMrfJvI
251,-0.7717,Sat Jul 07 17:30:13 +0000 2018,0.51,0.49,0.0,"Japan floods and heavy rain leave 8 dead, dozens missing https://t.co/Dl4G5CGylM https://t.co/EydRjrTy3d"
252,0.3818,Sat Jul 07 17:15:05 +0000 2018,0.852,0.0,0.148,"President Trump keeps claiming credit for fixing things that aren't fixed, writes Z. Byron Wolf‚Ä¶ https://t.co/bHs75PKmIr"
253,-0.5106,Sat Jul 07 17:00:14 +0000 2018,0.699,0.301,0.0,Chicago gun protesters close part of major interstate near downtown https://t.co/y8ij4h2Hbu https://t.co/4MvNvgHDwh
254,0.0,Sat Jul 07 16:45:05 +0000 2018,1.0,0.0,0.0,Mexico's new leader wants a reboot with the US. How long will the honeymoon last? https://t.co/ZHGidimOxj https://t.co/zGJFbTvUCG
255,-0.0516,Sat Jul 07 16:30:10 +0000 2018,0.938,0.062,0.0,"President Trump's personal calls to world leaders leave White House aides in the dark, The Washington Post reports‚Ä¶ https://t.co/ObZHaeVUzS"
256,0.0258,Sat Jul 07 16:15:10 +0000 2018,0.932,0.0,0.068,England beats Sweden to reach World Cup semifinals for the first time since 1990 https://t.co/o56PUco4Kn https://t.co/KIulxYtwlO
257,0.0,Sat Jul 07 16:00:13 +0000 2018,1.0,0.0,0.0,2018 may have the largest gender gap on record https://t.co/JPzemTl7BS | Analysis by Harry Enten https://t.co/OUCxtNj4RR
258,0.296,Sat Jul 07 15:45:04 +0000 2018,0.891,0.0,0.109,"Here's a weekly roundup of the news, notes and chatter about the prospects for the next Democratic presidential rac‚Ä¶ https://t.co/TbyV0ZAb5W"
259,-0.8126,Sat Jul 07 15:37:28 +0000 2018,0.625,0.375,0.0,Protesters in Chicago have shut down part of a major interstate during a march against gun violence. @RyanYoungNews‚Ä¶ https://t.co/NLy5i01x2x
260,0.0,Sat Jul 07 15:15:00 +0000 2018,1.0,0.0,0.0,"People on social media are debating whether Meghan, the Duchess of Sussex, has adopted a British accent‚Ä¶ https://t.co/8e7XehADD1"
261,0.2263,Sat Jul 07 15:00:08 +0000 2018,0.734,0.107,0.158,"Hurricane Beryl may weaken, but Puerto Rico and the Caribbean are on alert https://t.co/HA4bR5XFI5 https://t.co/eOcXSFtZa3"
262,0.3736,Sat Jul 07 14:45:46 +0000 2018,0.803,0.069,0.128,Are you a TV geek? How many of these shows from the 2000s can you name? Reunite with your favorite characters in a‚Ä¶ https://t.co/SH58ZnwpM0
263,0.0,Sat Jul 07 14:30:37 +0000 2018,1.0,0.0,0.0,"BREAKING: North Korea calls US attitude in the latest talks ""regrettable"" after Secretary of State Mike Pompeo said‚Ä¶ https://t.co/whWXYp8Yd1"
264,-0.6908,Sat Jul 07 14:15:08 +0000 2018,0.719,0.281,0.0,"New Bruce Lee bio debunks myths about the ""kung fu Jesus"" https://t.co/fbOFsEL6IP https://t.co/tBPuN1e7br"
265,-0.4404,Sat Jul 07 14:01:13 +0000 2018,0.653,0.221,0.126,This 3-year-old cancer survivor was a flower girl in her bone marrow donor's wedding https://t.co/Td1BrueiMT https://t.co/gw6AB69c1t
266,0.0,Sat Jul 07 13:31:00 +0000 2018,1.0,0.0,0.0,A planet-hunting instrument has captured the first confirmed image of a newborn planet that's still forming in our‚Ä¶ https://t.co/Fxj0etP6kR
267,0.2235,Sat Jul 07 13:01:05 +0000 2018,0.905,0.0,0.095,Cerebral palsy didn't stop this 9-year-old girl from saving her baby brother from drowning. Her actions have earned‚Ä¶ https://t.co/YZLzayVtgC
268,-0.3612,Sat Jul 07 12:31:07 +0000 2018,0.857,0.143,0.0,'They treated us as though we were animals': Letters from inside an immigration detention facility‚Ä¶ https://t.co/AUo2F7ZcAO
269,0.5994,Sat Jul 07 12:16:00 +0000 2018,0.776,0.0,0.224,"Two Boston Police Department officers sang a duet of ""God Bless America,"" and NYPD officers responded with some sin‚Ä¶ https://t.co/d6xUiqUuIu"
270,0.0,Sat Jul 07 12:01:05 +0000 2018,1.0,0.0,0.0,A former coal lobbyist is the new leader of the Environmental Protection Agency https://t.co/YosHHcAY0u https://t.co/Ll1FciYjql
271,0.0,Sat Jul 07 11:31:06 +0000 2018,1.0,0.0,0.0,"An anonymous shopper bought $1 million in Toys 'R' Us toys right before stores went out of business.

The toys' des‚Ä¶ https://t.co/dabNBge1T3"
272,-0.4215,Sat Jul 07 11:01:06 +0000 2018,0.833,0.167,0.0,"Anne Frank's family tried in vain to flee to the US, historians say https://t.co/pq7aPEakR4 https://t.co/AM2vRSIk2a"
273,-0.2023,Sat Jul 07 10:31:03 +0000 2018,0.736,0.167,0.097,"If you use a plastic straw or plastic utensils in Seattle now, get ready to pay. Violators will be subject to a $25‚Ä¶ https://t.co/QLLO6t8www"
274,0.0,Sat Jul 07 10:01:07 +0000 2018,1.0,0.0,0.0,"More than 14,000 immigrants across the country just became America's newest citizens. Here are some of their storie‚Ä¶ https://t.co/8syn7tmI1q"
275,0.0,Sat Jul 07 09:31:00 +0000 2018,1.0,0.0,0.0,Watch these thrill-seekers take a 853-foot bungee jump off the world's highest glass-bottomed bridge‚Ä¶ https://t.co/9lZtN0ybYN
276,0.0,Sat Jul 07 09:01:08 +0000 2018,1.0,0.0,0.0,"Scientists have used in-vitro fertilization techniques to develop hybrid rhino embryos -- ""test-tube rhinos"" -- whi‚Ä¶ https://t.co/DdmHrPTmh4"
277,0.4215,Sat Jul 07 08:31:00 +0000 2018,0.798,0.0,0.202,"83-year-old artist Christo has been creating conceptually challenging, and large-scale work since the late 1950s. N‚Ä¶ https://t.co/o5oeHI6JWi"
278,-0.9153,Sat Jul 07 08:20:37 +0000 2018,0.604,0.396,0.0,"Iran executed eight men convicted of terrorism for last year's twin attacks that left 17 people dead in Tehran, sta‚Ä¶ https://t.co/ZRe4IjsEKp"
279,0.7003,Sat Jul 07 08:01:03 +0000 2018,0.734,0.0,0.266,French President Emmanuel Macron has praised the skills of an 11-year-old Nigerian artist who drew a stunning portr‚Ä¶ https://t.co/4hGAX3ranQ
280,0.0,Sat Jul 07 07:31:00 +0000 2018,1.0,0.0,0.0,A police officer asked a 6-year-old girl in a wheelchair to dance. The internet swooned. https://t.co/lcjkyARb11 https://t.co/yQ28gzEOVN
281,0.0,Sat Jul 07 07:16:00 +0000 2018,1.0,0.0,0.0,After thousands signed a petition to fly a giant balloon that caricatures President Trump as a baby during his visi‚Ä¶ https://t.co/gzQqfXEnqJ
282,0.0,Sat Jul 07 07:01:11 +0000 2018,1.0,0.0,0.0,"A woman's toenails fell off due to a fish pedicure she'd had months prior, according to a new report‚Ä¶ https://t.co/StQBv9YHto"
283,0.0,Sat Jul 07 06:46:06 +0000 2018,1.0,0.0,0.0,Looking at buildings can actually give people headaches. Here's why https://t.co/l7LYGg7LpO VIA @CNNStyle https://t.co/fjhrScl4Wk
284,0.7096,Sat Jul 07 06:31:00 +0000 2018,0.718,0.0,0.282,"Disney Imagineering has released video of ""Stuntronics"" ‚Äî robots capable of performing impressive stunts at its the‚Ä¶ https://t.co/hezrRVfsza"
285,-0.3299,Sat Jul 07 06:16:00 +0000 2018,0.747,0.156,0.097,Xiaomi was once the world's most valuable startup. But escalating trade tensions might now stunt the Chinese smartp‚Ä¶ https://t.co/pkhoGEAepH
286,0.0,Sat Jul 07 05:46:08 +0000 2018,1.0,0.0,0.0,"This architecture practice has set its sights on building an inflatable, 30-ton disco ball in the Nevada desert for‚Ä¶ https://t.co/2qAhl6MGXi"
287,0.0,Sat Jul 07 05:31:00 +0000 2018,1.0,0.0,0.0,Sesame Place is the first theme park to be designated as a Certified Autism Center. 80% of their staff has undergon‚Ä¶ https://t.co/KQPjxB6Cet
288,0.128,Sat Jul 07 05:16:00 +0000 2018,0.914,0.0,0.086,Watch Angelica Gonzalez-Garcia and her 8-year-old daughter reunite at Boston's Logan Airport in a CNN exclusive rep‚Ä¶ https://t.co/KqOSgXle2O
289,-0.5859,Sat Jul 07 05:08:00 +0000 2018,0.634,0.232,0.134,"These expert cave divers show the dangers of cave diving, and why untrained divers like the young boys trapped in a‚Ä¶ https://t.co/hyWk0E5sTm"
290,-0.7506,Sat Jul 07 05:01:10 +0000 2018,0.652,0.348,0.0,Lions killed suspected rhino poachers who sneaked into a South African game reserve https://t.co/w49vJ0rRN5 https://t.co/51P6zfTY0s
291,-0.4404,Sat Jul 07 04:46:05 +0000 2018,0.653,0.221,0.126,A 3-year-old cancer survivor served as a flower girl in her bone marrow donor's wedding https://t.co/lCbQcTTbYR https://t.co/ZuCeIf9QUz
292,0.4939,Sat Jul 07 04:31:00 +0000 2018,0.862,0.0,0.138,"In honor of Subaru of America's 50th anniversary, we look back at the company's first model, the Subaru 360 ‚Äî possi‚Ä¶ https://t.co/F2FSb9wYlr"
293,0.5719,Sat Jul 07 04:16:04 +0000 2018,0.684,0.087,0.228,Tech billionaire Elon Musk is sending SpaceX and Boring Company engineers to Thailand to help aid the rescue of the‚Ä¶ https://t.co/Tg0GRJKLWP
294,0.0,Sat Jul 07 04:01:02 +0000 2018,1.0,0.0,0.0,A giant 'Trump Baby' balloon is set to be flown close to the UK Parliament during President Trump's upcoming visit‚Ä¶ https://t.co/Tg92h6TdXH
295,-0.3818,Sat Jul 07 03:58:54 +0000 2018,0.647,0.233,0.121,"Stephen Ditko, co-creator of Marvel Comics superheroes Spider-Man and Doctor Strange, has died at 90 years old. https://t.co/6MB7nvemUl"
296,0.7003,Sat Jul 07 03:46:01 +0000 2018,0.633,0.087,0.28,There may be a glimmer of hope in the fight to protect people from HIV-1.  A new vaccine appears to be safe and ind‚Ä¶ https://t.co/k2J0O35Xhn
297,0.3736,Sat Jul 07 03:45:19 +0000 2018,0.749,0.095,0.156,Which was your favorite piece of 2000's tech? Your flip phone? MP3 player? PDA? Fire up your blackberry and explore‚Ä¶ https://t.co/dxpvswrbAa
298,-0.0772,Sat Jul 07 03:31:07 +0000 2018,0.843,0.084,0.072,The top flutist at the Boston Symphony Orchestra is suing the group because she says she makes only 75% of what a m‚Ä¶ https://t.co/9AqyaHFAFV
299,-0.7717,Sat Jul 07 03:16:05 +0000 2018,0.511,0.489,0.0,How a trade war could turn into a recession https://t.co/03d7yPOMEX https://t.co/6xyAR2xBZJ
300,-0.296,Sun Jul 08 08:00:00 +0000 2018,0.833,0.167,0.0,".@benshapiro: ""Strzok is a political actor, there's no question about this."" @WattersWorld https://t.co/llMsWyyDmS"
301,-0.4215,Sun Jul 08 07:53:00 +0000 2018,0.833,0.167,0.0,Protesters march on the Dan Ryan Expressway in Chicago. The protesters shut down the expressway in an attempt to in‚Ä¶ https://t.co/IgDx64Srwz
302,0.4019,Sun Jul 08 07:45:00 +0000 2018,0.812,0.0,0.188,".@SecPompeo: ""Should the DPRK follow through on its commitments, we look forward to eventually helping North Korea‚Ä¶ https://t.co/P5tAel3HmZ"
303,0.0,Sun Jul 08 07:38:00 +0000 2018,1.0,0.0,0.0,WATCH: This 6-Year-Old Can Name Every Country in Alphabetical Order https://t.co/PCYuCqD4fG
304,0.0,Sun Jul 08 07:30:01 +0000 2018,0.787,0.106,0.106,"Former CIA Operative Mike Baker: ""We've lost the ability to have a civil discourse really about just about anything‚Ä¶ https://t.co/fQKwjResBF"
305,0.2023,Sun Jul 08 07:23:00 +0000 2018,0.921,0.0,0.079,"""The odds are zero that she is playing community organizer just to be a kingmaker. When it comes to money and power‚Ä¶ https://t.co/tp5qdgDuS6"
306,0.4576,Sun Jul 08 07:15:00 +0000 2018,0.87,0.0,0.13,".@DevinNunes on calls for public testimonies in Russia probe: ""These 42 people really help us get to the bottom of‚Ä¶ https://t.co/RgQXpaVtnX"
307,0.0,Sun Jul 08 07:07:00 +0000 2018,1.0,0.0,0.0,"After Steven and Michelle Burt‚Äôs 3-year-old French bulldog Darcy wasn‚Äôt receiving enough oxygen on a flight, the cr‚Ä¶ https://t.co/q1SQVXy285"
308,-0.5423,Sun Jul 08 07:00:00 +0000 2018,0.857,0.143,0.0,"Pat Buchanan: ""There is a real sense of incivility and hostility in our politics and it's not going to work to the‚Ä¶ https://t.co/G4s0Q2Qtcz"
309,0.4019,Sun Jul 08 06:55:00 +0000 2018,0.803,0.0,0.197,Poll: Millennial support for Democratic Congressional candidates has dropped since 2016. https://t.co/Sk0ofPjpKw
310,-0.3612,Sun Jul 08 06:49:00 +0000 2018,0.591,0.257,0.152,.@lizpeek: Democrats are furious about Trump and the Supreme Court ‚Äì They have only Obama to blame https://t.co/lvIw0GviCe
311,-0.7579,Sun Jul 08 06:43:00 +0000 2018,0.552,0.448,0.0,'World Cup' trophy presented to 5-year-old boy battling cancer https://t.co/UGD1R8LhRX
312,-0.3612,Sun Jul 08 06:38:00 +0000 2018,0.651,0.222,0.126,"After floodwaters trapped one commuter in Georgia,  Atlanta Fire and Rescue assisted the man out of his vehicle and‚Ä¶ https://t.co/E5A8nkF1Y3"
313,0.0,Sun Jul 08 06:30:00 +0000 2018,1.0,0.0,0.0,"On @foxandfriends, @RealCandaceO said that the fear-mongering on the left is leading to an exodus.‚Ä¶ https://t.co/WzBKYXZaoM"
314,0.3818,Sun Jul 08 06:23:00 +0000 2018,0.833,0.0,0.167,".@SecPompeo: ""Let me make clear‚Äî North Korea reaffirmed its commitment to complete denuclearization."" https://t.co/a7r3modg9v"
315,0.128,Sun Jul 08 06:14:01 +0000 2018,0.8,0.0,0.2,NATO defense spending in U.S. dollars. https://t.co/sGPR3PbGwe
316,0.5574,Sun Jul 08 06:07:00 +0000 2018,0.847,0.0,0.153,".@mschlapp: ""Fifty percent of the picks to the Supreme Court by Republican presidents have been off the mark. We ca‚Ä¶ https://t.co/7zmQHHgztA"
317,0.128,Sun Jul 08 06:00:00 +0000 2018,0.842,0.0,0.158,2017 NATO defense spending - as percentage of GDP. https://t.co/mMh5GxOZqY
318,-0.25,Sun Jul 08 05:53:00 +0000 2018,0.833,0.167,0.0,.@SecPompeo shrugs off North Korea's accusation of US 'gangster-like' demands https://t.co/jGuVdP6lQw
319,0.0,Sun Jul 08 05:45:00 +0000 2018,1.0,0.0,0.0,"When a Washington police officer saw an American flag dangling from the side of a home, he went out of his way to r‚Ä¶ https://t.co/UaUYkQeL96"
320,0.0,Sun Jul 08 05:37:00 +0000 2018,1.0,0.0,0.0,"During a trilateral press conference with the foreign ministers of Japan and South Korea, @SecPompeo stated that No‚Ä¶ https://t.co/6P3015Woq0"
321,0.0,Sun Jul 08 05:29:00 +0000 2018,1.0,0.0,0.0,".@VP: ""Under President Donald Trump, we will never abolish ICE."" https://t.co/kHEfS3x1Wk https://t.co/cg1vuPLAbI"
322,-0.8107,Sun Jul 08 05:23:00 +0000 2018,0.667,0.289,0.043,"""We want you to know that no parents are angry with you at all, so don‚Äôt you worry about that."" - Mother of trapped‚Ä¶ https://t.co/XH6KAYDvDM"
323,0.0,Sun Jul 08 05:15:00 +0000 2018,1.0,0.0,0.0,".@SecPompeo: ""As we build on the momentum of President @realDonaldTrump and Chairman Kim Jong Un's historic summit,‚Ä¶ https://t.co/es70zJBYJO"
324,-0.743,Sun Jul 08 05:08:00 +0000 2018,0.656,0.344,0.0,Chicago ringleader of Facebook Live beating of disabled teen gets 8 years in prison https://t.co/vdh788raLc
325,0.5106,Sun Jul 08 05:02:16 +0000 2018,0.87,0.0,0.13,A live look at the entrance of the Tham Luang Nang Non cave as rescue efforts continue for the 12 youth soccer play‚Ä¶ https://t.co/qsDmu40VZJ
326,0.0,Sun Jul 08 05:00:00 +0000 2018,1.0,0.0,0.0,".@mschlapp: ""We have Democrats running for reelection in the Senate in red states. And if they vote against‚Ä¶ https://t.co/vOJxRiDSFo"
327,0.5719,Sun Jul 08 04:53:00 +0000 2018,0.748,0.0,0.252,Texas teen with autism receives perfect score on standardized math test https://t.co/p4psTGRkMy
328,0.0,Sun Jul 08 04:45:00 +0000 2018,1.0,0.0,0.0,".@charliekirk11: ""The left wants to make this all about Roe v. Wade."" #Cavuto https://t.co/3i6cs5oO5z"
329,0.3612,Sun Jul 08 04:38:00 +0000 2018,0.872,0.0,0.128,".@RealDrGina:  ""I feel like if we could sit down, Republicans and Democrats, and have a conversation, I don't think‚Ä¶ https://t.co/WhjtHsvfQ7"
330,0.5106,Sun Jul 08 04:30:00 +0000 2018,0.798,0.0,0.202,"JUST IN: Cave rescue effort underway in Thailand; may take days, officials say https://t.co/JlAOGO3FgA"
331,-0.6808,Sun Jul 08 04:23:00 +0000 2018,0.787,0.213,0.0,".@GovMikeHuckabee: ""What we're seeing is a form of terrorism on the left that is unprecedented in American history."" https://t.co/inJ2xCpRh6"
332,0.0,Sun Jul 08 04:15:48 +0000 2018,1.0,0.0,0.0,PHOTO OF THE DAY: A sun halo forms in the sky around the sun near the Angel of Independence monument in Mexico City‚Ä¶ https://t.co/2plrQb81SJ
333,0.802,Sun Jul 08 04:08:00 +0000 2018,0.661,0.0,0.339,".@TeamCavuto: ""Generally, the party in power benefits when the economy is looking good. It's looking very, very goo‚Ä¶ https://t.co/1TfjQgsyko"
334,0.0,Sun Jul 08 04:01:00 +0000 2018,1.0,0.0,0.0,A boy holds an American flag after being reunited with his father during a homecoming ceremony at the Kentucky Air‚Ä¶ https://t.co/DYEyU42wkM
335,0.5106,Sun Jul 08 03:45:10 +0000 2018,0.752,0.0,0.248,Thai rescue vehicle carrying 10 drives off cliff; injuries reported https://t.co/Q4umOYCb0W
336,0.0,Sun Jul 08 03:33:19 +0000 2018,1.0,0.0,0.0,Trump administration takes another swipe at 'ObamaCare' https://t.co/bxVssZGGr5
337,0.0,Sun Jul 08 03:25:00 +0000 2018,1.0,0.0,0.0,".@AndyPuzder: ""We've got labor participation going up."" https://t.co/7sAJIUvXRj"
338,-0.1779,Sun Jul 08 03:22:04 +0000 2018,0.621,0.211,0.168,Elon Musk offers help for soccer team trapped in Thailand cave https://t.co/wGjQzlNfTR
339,0.4019,Sun Jul 08 03:10:54 +0000 2018,0.812,0.0,0.188,".@SecPompeo: ""Should the DPRK follow through on its commitments, we look forward to eventually helping North Korea‚Ä¶ https://t.co/30oTWpLznt"
340,0.6597,Sun Jul 08 03:05:47 +0000 2018,0.649,0.0,0.351,".@SecPompeo: ""President @realDonaldTrump and I believe that peace is worth the effort."" https://t.co/7Yt1EP935n"
341,0.3818,Sun Jul 08 03:01:58 +0000 2018,0.833,0.0,0.167,".@SecPompeo: ""Let me make clear‚Äî North Korea reaffirmed its commitment to complete denuclearization."" https://t.co/4vmiGLGPpI"
342,0.6249,Sun Jul 08 03:00:28 +0000 2018,0.814,0.0,0.186,".@SecPompeo: ""In the meantime, sanctions remain in place and we will continue to enforce them with great vigor."" https://t.co/E4WGdNqlsO"
343,0.0,Sun Jul 08 02:57:41 +0000 2018,1.0,0.0,0.0,".@SecPompeo: ""As we build on the momentum of President @realDonaldTrump and Chairman Kim Jong Un's historic summit,‚Ä¶ https://t.co/5soOjtTimF"
344,0.0,Sun Jul 08 02:48:41 +0000 2018,1.0,0.0,0.0,Secretary of State Mike Pompeo participates in a trilateral press conference in Japan.  https://t.co/emy1JQQsTg
345,-0.296,Sun Jul 08 02:37:46 +0000 2018,0.885,0.115,0.0,OPINION: What the latest jobs numbers tell us -- The Trump tax cuts are working for America https://t.co/yrnbYs1Twk
346,0.0,Sun Jul 08 02:37:00 +0000 2018,1.0,0.0,0.0,One Alaskan couple had an unintended wedding crasher when a moose wandered behind them and photobombed their pictur‚Ä¶ https://t.co/0nWLrD72dg
347,0.5106,Sun Jul 08 02:30:18 +0000 2018,0.769,0.0,0.231,Officials appear close to launching cave rescue mission in Thailand https://t.co/Wtdj9UsKEP https://t.co/gvWuHoZ6dW
348,0.0191,Sun Jul 08 02:24:00 +0000 2018,0.858,0.069,0.073,SUNDAY: Don't miss @ilyseh's exclusive interview on @FoxNewsSunday. Check your local listings and tune in to Fox Ne‚Ä¶ https://t.co/UEGM5duwzg
349,-0.3612,Sun Jul 08 02:19:28 +0000 2018,0.894,0.106,0.0,Revellers run next to Puerto de San Lorenzo's fighting bulls during the running of the bulls at the San Fermin Fest‚Ä¶ https://t.co/gD5V8BXtz4
350,0.0,Sun Jul 08 02:15:00 +0000 2018,0.787,0.106,0.106,"Former CIA Operative Mike Baker: ""We've lost the ability to have a civil discourse really about just about anything‚Ä¶ https://t.co/wJQ8tfP27u"
351,0.0,Sun Jul 08 02:10:00 +0000 2018,1.0,0.0,0.0,"After Steven and Michelle Burt‚Äôs 3-year-old French bulldog Darcy wasn‚Äôt receiving enough oxygen on a flight, the cr‚Ä¶ https://t.co/LvnC7BKWtP"
352,-0.7351,Sun Jul 08 02:03:29 +0000 2018,0.644,0.356,0.0,"Haiti protests leave US church youth groups stranded in Caribbean nation as violence, roadblocks continue https://t.co/7fh8BzIOC4"
353,0.0191,Sun Jul 08 02:03:00 +0000 2018,0.833,0.081,0.086,SUNDAY: Don't miss @LindseyGrahamSC's exclusive interview on @FoxNewsSunday. Check your local listings and tune in‚Ä¶ https://t.co/pyAnreVTEZ
354,-0.5574,Sun Jul 08 01:51:45 +0000 2018,0.795,0.205,0.0,Tennessee woman fired after calling cops on black man wearing socks in neighborhood pool https://t.co/4pNCJ7j1Oe
355,0.5574,Sun Jul 08 01:50:40 +0000 2018,0.854,0.0,0.146,"RT @FoxNewsResearch: #OTD in 1981, President Ronald Reagan appointed an Arizona judge, Sandra Day O‚ÄôConnor, to the Supreme Court. She was c‚Ä¶"
356,-0.2263,Sun Jul 08 01:45:33 +0000 2018,0.899,0.101,0.0,"RT @FoxNewsResearch: Southwest Border Apprehensions: 
‚ÄîFiscal Year 2018‚Äî
‚Ä¢Oct: 25,483 
‚Ä¢Nov: 29,087
‚Ä¢Dec: 28,998
‚Ä¢Jan: 25,978
‚Ä¢Feb: 26,665‚Ä¶"
357,0.0,Sun Jul 08 01:38:52 +0000 2018,1.0,0.0,0.0,"When a Washington police officer saw an American flag dangling from the side of a home, he went out of his way to r‚Ä¶ https://t.co/2UXXUFOUY9"
358,0.0,Sun Jul 08 01:31:30 +0000 2018,1.0,0.0,0.0,".@mschlapp: ""We have Democrats running for reelection in the Senate in red states. And if they vote against‚Ä¶ https://t.co/fhjAGumHrb"
359,0.5574,Sun Jul 08 01:28:17 +0000 2018,0.847,0.0,0.153,".@mschlapp: ""Fifty percent of the picks to the Supreme Court by Republican presidents have been off the mark. We ca‚Ä¶ https://t.co/EdeaHhI8DF"
360,0.8591,Sun Jul 08 01:24:26 +0000 2018,0.655,0.0,0.345,".@mschlapp on picking a new Supreme Court justice: ""I like the idea of picking somebody who has over a decade of op‚Ä¶ https://t.co/Zs5ciiDsR0"
361,0.4576,Sun Jul 08 01:14:01 +0000 2018,0.87,0.0,0.13,".@DevinNunes on calls for public testimonies in Russia probe: ""These 42 people really help us get to the bottom of‚Ä¶ https://t.co/xnIPkB8Apv"
362,-0.6705,Sun Jul 08 01:06:23 +0000 2018,0.609,0.391,0.0,Couple killed in New Jersey house explosion https://t.co/6ZOtcxM5ne
363,0.0,Sun Jul 08 01:04:29 +0000 2018,1.0,0.0,0.0,FAA declines regulation of minimum airplane seat size https://t.co/lJOrYUVEmu
364,-0.296,Sun Jul 08 00:54:30 +0000 2018,0.833,0.167,0.0,".@benshapiro: ""Strzok is a political actor, there's no question about this."" @WattersWorld https://t.co/Ap0oxKAkYX"
365,-0.5267,Sun Jul 08 00:54:02 +0000 2018,0.726,0.274,0.0,Sonic diners intervene as staffer is assaulted by boyfriend https://t.co/QMWwmQmaQa
366,0.0,Sun Jul 08 00:44:52 +0000 2018,1.0,0.0,0.0,Tennessee woman bitten by brown recluse spider allegedly finds dozens more in apartment https://t.co/lOv4PyHfee
367,0.3612,Sun Jul 08 00:44:36 +0000 2018,0.872,0.0,0.128,".@RealDrGina:  ""I feel like if we could sit down, Republicans and Democrats, and have a conversation, I don't think‚Ä¶ https://t.co/VDZtj1yzoD"
368,0.0,Sun Jul 08 00:37:09 +0000 2018,1.0,0.0,0.0,WATCH: This 6-Year-Old Can Name Every Country in Alphabetical Order https://t.co/PNQLlsKOZx
369,-0.4767,Sun Jul 08 00:27:33 +0000 2018,0.744,0.256,0.0,".@BurgerKing customer overdoses in drive-thru, gets revived, then arrested https://t.co/vJS2pOhyIN"
370,0.5574,Sun Jul 08 00:23:53 +0000 2018,0.753,0.0,0.247,Orrin Hatch may have given a clue about Trump's Supreme Court pick https://t.co/kdmCvDuErd
371,0.6597,Sun Jul 08 00:08:07 +0000 2018,0.707,0.0,0.293,Organization lends helping hand to Gold Star families in their time of need #ProudAmerican https://t.co/JYoidB4lxq
372,0.1139,Sun Jul 08 00:08:00 +0000 2018,0.922,0.0,0.078,SUNDAY: Don't miss U.S. Ambassador to NATO @kaybaileyhutch on @FoxNewsSunday. Check your local listings and tune in‚Ä¶ https://t.co/CtNv3HdEMp
373,0.5719,Sun Jul 08 00:05:35 +0000 2018,0.748,0.0,0.252,Texas teen with autism receives perfect score on standardized math test https://t.co/vlfMHq2E9J
374,0.5267,Sat Jul 07 23:57:00 +0000 2018,0.841,0.0,0.159,".@DrPhil ‚Äì His journey, his stories and his intangible wisdom ‚Äì He joins @HarveyLevinTMZ on an ALL-NEW episode of '‚Ä¶ https://t.co/CatLtMkDRA"
375,-0.0516,Sat Jul 07 23:50:57 +0000 2018,0.705,0.154,0.141,A 'Constitutional Violation': Pastor Under Fire From Nonprofit for High School Football Devotional https://t.co/y4uyLIrZoa
376,0.0,Sat Jul 07 23:48:12 +0000 2018,1.0,0.0,0.0,The Trump administration is seeking more time to reunite families who were separated at the border. @BryanLlenas ha‚Ä¶ https://t.co/vaadPc80Mj
377,-0.2732,Sat Jul 07 23:46:23 +0000 2018,0.778,0.132,0.089,Family members pray in Thailand near the cave where 12 young soccer players and their coach have been trapped for t‚Ä¶ https://t.co/r02LWidCWS
378,0.4404,Sat Jul 07 23:39:54 +0000 2018,0.719,0.084,0.198,"Thai soccer rescue efforts might need to happen sooner than expected, experts warn https://t.co/VrDdmFMnMB"
379,-0.3182,Sat Jul 07 23:34:46 +0000 2018,0.874,0.126,0.0,".@GillianHTurner: ""Ohio Congressman Jim Jordan is hitting back against accusations from six people that he ignored‚Ä¶ https://t.co/4vg2NTWRs8"
380,0.0,Sat Jul 07 23:27:52 +0000 2018,1.0,0.0,0.0,Trump lawyers assailed Comey as 'Machiavellian' in 2017 memo to Mueller https://t.co/o3LXFdU9lg
381,-0.5267,Sat Jul 07 23:24:54 +0000 2018,0.841,0.159,0.0,"TONIGHT on @WattersWorld, @JesseBWatters talks to the teen who says he was assaulted at a Whataburger for wearing a‚Ä¶ https://t.co/XkdQOT4ewI"
382,-0.4019,Sat Jul 07 23:14:34 +0000 2018,0.803,0.197,0.0,Car crashes into Pennsylvania home at 80 mph in shocking video https://t.co/M50Ls42xM9
383,0.5574,Sat Jul 07 23:07:01 +0000 2018,0.806,0.0,0.194,President @realDonaldTrump is readying his Supreme Court nominee announcement as North Korea signals a possible set‚Ä¶ https://t.co/QveQIfQVht
384,0.0772,Sat Jul 07 23:00:54 +0000 2018,0.534,0.221,0.244,RT @FoxBusiness: Why higher unemployment signals a strengthening economy. https://t.co/OsSBgpY1q8
385,0.0,Sat Jul 07 22:52:43 +0000 2018,1.0,0.0,0.0,World Cup final four teams set with elimination of host team Russia https://t.co/KyakwtKBwq
386,-0.25,Sat Jul 07 22:41:23 +0000 2018,0.766,0.137,0.097,".@Jeff_Journalist on Thai soccer team trapped in cave: ""The way we're thinking this could play out is through the d‚Ä¶ https://t.co/DFqeqVXbE6"
387,0.7003,Sat Jul 07 22:35:52 +0000 2018,0.734,0.0,0.266,".@SecPompeo meets with Kim Yong Chol, a North Korean senior ruling party official and former intelligence chief, fo‚Ä¶ https://t.co/a9bGzLXIYO"
388,0.802,Sat Jul 07 22:30:52 +0000 2018,0.661,0.0,0.339,".@TeamCavuto: ""Generally, the party in power benefits when the economy is looking good. It's looking very, very goo‚Ä¶ https://t.co/kIXYEmWgUT"
389,0.7906,Sat Jul 07 22:19:28 +0000 2018,0.65,0.0,0.35,President @realDonaldTrump is slated to announce his Supreme Court justice nominee on Monday night;‚Ä¶ https://t.co/6uHziL2v5E
390,-0.3867,Sat Jul 07 22:13:54 +0000 2018,0.79,0.143,0.067,"SUNDAY: Don't miss ""Life, Liberty, &amp; Levin"" with @marklevinshow - Tune in at 10p ET on Fox News Channel! https://t.co/8YFq3DayTt"
391,-0.4767,Sat Jul 07 22:08:17 +0000 2018,0.819,0.181,0.0,"UK police officer seeks medical treatment in connection with nerve agent attack, hospital says https://t.co/ybO5K3ZROL"
392,-0.5423,Sat Jul 07 22:06:42 +0000 2018,0.837,0.163,0.0,".@GrecianFormula: What now? Pompeo exits North Korea emptyhanded, leaving US with three options -- all of them bad https://t.co/VFMFwolXEL"
393,-0.5106,Sat Jul 07 22:02:32 +0000 2018,0.829,0.171,0.0,OPINION: US negotiators with North Korea must heed the lessons of Obama's failed deal with Iran https://t.co/ucEvAoZeT4
394,0.0,Sat Jul 07 21:59:07 +0000 2018,1.0,0.0,0.0,U.S. products facing China tariffs. https://t.co/05V4LLMOmB https://t.co/8yyBWjRzT9
395,0.0,Sat Jul 07 21:58:29 +0000 2018,1.0,0.0,0.0,"Gary Kaltbaum: ""Businesses cannot plan on the future because they don't know what's next."" https://t.co/05V4LLMOmB https://t.co/NoLt7XLX05"
396,-0.2263,Sat Jul 07 21:56:26 +0000 2018,0.894,0.106,0.0,"Protesters around the country participated in the ""March for our Rights"" rallies on Saturday; @aacuna1 reports. https://t.co/H5kYZEHaOC"
397,0.0516,Sat Jul 07 21:55:01 +0000 2018,0.641,0.154,0.205,".@MattForMontana: ""The truth is @jontester shut down the government to try and grant amnesty to illegal immigrants,‚Ä¶ https://t.co/FE7CaJGIMj"
398,-0.4767,Sat Jul 07 21:53:16 +0000 2018,0.819,0.181,0.0,"UK police officer seeks medical treatment in connection with nerve agent attack, hospital says https://t.co/Y3yCcKbHIJ"
399,0.0,Sat Jul 07 21:43:00 +0000 2018,1.0,0.0,0.0,"On @foxandfriends, @RealCandaceO said that the fear-mongering on the left is leading to an exodus.‚Ä¶ https://t.co/vEOdz0tWtQ"
400,-0.8074,Sun Jul 08 07:47:00 +0000 2018,0.711,0.289,0.0,"In China, the Opium War came to be seen as the beginning of a century of humiliations at Western hands https://t.co/6GQvrtZYYS"
401,0.4019,Sun Jul 08 07:29:23 +0000 2018,0.87,0.0,0.13,"""I took them to a party and got rave reviews and some guests took a few home with them"" ‚Äî a reader https://t.co/VwqjuVAfRj"
402,0.3612,Sun Jul 08 07:12:01 +0000 2018,0.762,0.0,0.238,Because comfort food isn't just for cold weather https://t.co/ZK6fHpAcHE
403,0.0,Sun Jul 08 06:54:30 +0000 2018,1.0,0.0,0.0,"Long ago, Nick Offerman and Megan Mullally made a rule that they would never be apart for more than 2 weeks https://t.co/Ne5uTIalKq"
404,-0.2732,Sun Jul 08 06:37:17 +0000 2018,0.9,0.1,0.0,"You asked, @nytimeswell answered: If one family member has mono, is the whole family at risk of catching it? https://t.co/KrSotnNZbA"
405,0.8074,Sun Jul 08 06:19:51 +0000 2018,0.644,0.0,0.356,"There‚Äôs Compliment Your Mirror Day. And National Meteor Watch Day. And Cell Phone Courtesy Month. Yes, really. https://t.co/dnw1mEIN0A"
406,-0.6705,Sun Jul 08 06:02:29 +0000 2018,0.769,0.231,0.0,This dog's nose knows if any of the bees have been killed by harmful bacteria https://t.co/b2jLxkI1T6
407,0.0,Sun Jul 08 05:45:08 +0000 2018,1.0,0.0,0.0,"The time for fruit salad fragrances, one might say, is ripe https://t.co/gPt8AGWNTQ"
408,0.2144,Sun Jul 08 05:27:12 +0000 2018,0.875,0.0,0.125,"Coffee may help you live longer, but it‚Äôs not because of the caffeine https://t.co/SQDvpPWKnc"
409,0.0,Sun Jul 08 05:08:52 +0000 2018,1.0,0.0,0.0,Where can a book-buying baby boomer turn when the grandkids already own all the classics? https://t.co/b2iahWddIT
410,0.1779,Sun Jul 08 04:51:05 +0000 2018,0.797,0.088,0.116,"""Propane has no flavor, and charcoal isn‚Äôt much better. The aroma and flavor of wood are in a league of their own."" https://t.co/bmFAV1sqQP"
411,0.3804,Sun Jul 08 04:32:45 +0000 2018,0.834,0.0,0.166,"When summer weather turns sultry, museums can be very cool places to be https://t.co/l337JcOVC7"
412,-0.5574,Sun Jul 08 04:15:53 +0000 2018,0.833,0.167,0.0,"‚ÄúSince my mom died, the only place I've really found her is in the garden she helped create‚Äù https://t.co/6yMuEp9Ozk"
413,-0.1027,Sun Jul 08 03:56:53 +0000 2018,0.92,0.08,0.0,"There‚Äôs only one catch. You have to fill out an application, get interviewed and pay a fee. https://t.co/LwHNa76jRY"
414,0.4767,Sun Jul 08 03:52:23 +0000 2018,0.586,0.142,0.272,"A rescue in Thailand is underway to save 12 trapped boys and their soccer coach, officials said
https://t.co/oswfwf0xBN"
415,0.4902,Sun Jul 08 03:39:13 +0000 2018,0.857,0.0,0.143,"""I resolutely believe,"" Nigella Lawson writes, ""that potatoes are so much better dressed in oil and vinegar (but it‚Ä¶ https://t.co/mnibD6arUO"
416,0.0,Sun Jul 08 03:23:00 +0000 2018,1.0,0.0,0.0,Proof of Children‚Äôs Vaccinations? Italy Will Now Take Parents‚Äô Word for It https://t.co/Gr5ZUtRrgl
417,-0.8402,Sun Jul 08 03:15:23 +0000 2018,0.667,0.333,0.0,"Bullying, divorce, school shootings, racism and gender identity are just some of the issues teenagers grapple with‚Ä¶ https://t.co/G6pAZFMZjm"
418,0.0,Sun Jul 08 02:57:22 +0000 2018,1.0,0.0,0.0,"For @NellieBowles, who writes about tech culture for The New York Times, the most crucial tech tool for doing work‚Ä¶ https://t.co/YFli5g1DEb"
419,0.0,Sun Jul 08 02:39:19 +0000 2018,1.0,0.0,0.0,Several large hotel chains are now trying to compete with Airbnb https://t.co/se8KT0F51x
420,0.0,Sun Jul 08 02:20:49 +0000 2018,1.0,0.0,0.0,Facebook Removes a Gospel Group‚Äôs Music Video https://t.co/Z5tjF2W3dk
421,0.0,Sun Jul 08 02:04:52 +0000 2018,1.0,0.0,0.0,Millennial pink's reign may be nearing an end. Is a new age upon us? https://t.co/DHIhFjlLh6
422,0.6249,Sun Jul 08 01:45:53 +0000 2018,0.843,0.0,0.157,"Tommy Nutter was one of the great characters of fashion if not, perhaps, one of the greats. The Beatles wore him on‚Ä¶ https://t.co/iec4JVpdFv"
423,0.6597,Sun Jul 08 01:26:49 +0000 2018,0.649,0.0,0.351,9 toys that will help keep kids engaged during long summer days https://t.co/IQBL7bQcZz
424,0.0,Sun Jul 08 01:09:06 +0000 2018,1.0,0.0,0.0,Make these classic cookout dishes indoors then dine near an open window https://t.co/hPRI09rgEY
425,0.0,Sun Jul 08 00:51:27 +0000 2018,1.0,0.0,0.0,It's high blueberry season in South Jersey. Here's where to go for small farms and heirloom berries. https://t.co/AyaGxjxuD1
426,0.5574,Sun Jul 08 00:35:19 +0000 2018,0.735,0.0,0.265,McConnell Tries to Nudge Trump Toward Two Supreme Court Options https://t.co/lpOEistrK1
427,0.4019,Sun Jul 08 00:24:43 +0000 2018,0.856,0.0,0.144,Family businesses are turning to so-called chief learning officers to help them learn to work together https://t.co/TuFwP0Lp1k
428,-0.7351,Sun Jul 08 00:05:59 +0000 2018,0.617,0.383,0.0,More Remains Found Near Home Used by Suspected Canadian Serial Killer https://t.co/eBh5hLysWx
429,-0.2144,Sat Jul 07 23:53:47 +0000 2018,0.89,0.11,0.0,"The World Health Organization has made ""internet gaming"" a diagnosable disorder, but many psychologists are skeptic‚Ä¶ https://t.co/WBKp8fTAkJ"
430,0.6875,Sat Jul 07 23:37:43 +0000 2018,0.779,0.0,0.221,"‚ÄúAnt-Man and the Wasp‚Äù is based on science. OK, not all of it, but Marvel enlisted a quantum physicist for input. H‚Ä¶ https://t.co/DFFmIsmXsF"
431,0.4588,Sat Jul 07 23:20:13 +0000 2018,0.769,0.0,0.231,Russia Was My Obscure Interest. Now Everyone Is Paying Attention. https://t.co/8tm1i88NQV
432,0.0,Sat Jul 07 23:15:35 +0000 2018,1.0,0.0,0.0,City Kitchen: A Soup for All Seasons (Even Summer) https://t.co/3eQDcjs884
433,0.7184,Sat Jul 07 23:10:48 +0000 2018,0.6,0.0,0.4,Elon Musk Thinks a Minisubmarine Could Help in Thai Cave Rescue https://t.co/dhKjd3mH4k
434,0.4404,Sat Jul 07 23:08:15 +0000 2018,0.707,0.0,0.293,Can marrying someone improve your heart health? https://t.co/AYZdpirkZZ
435,0.2263,Sat Jul 07 22:49:27 +0000 2018,0.881,0.0,0.119,Don‚Äôt be surprised if a TSA agent asks you to remove food from your carry-on https://t.co/w5NKapfTzF
436,0.4939,Sat Jul 07 22:30:05 +0000 2018,0.862,0.0,0.138,"A look inside the Thai cave: Rescuers must navigate narrow, flooded passages with few air pockets to save 12 boys a‚Ä¶ https://t.co/VPCnu62AbS"
437,-0.34,Sat Jul 07 22:27:26 +0000 2018,0.833,0.167,0.0,"Record Heat in Southern California, and an Ominous Start to Wildfire Season https://t.co/Y34kdOIjDA"
438,0.0,Sat Jul 07 22:15:05 +0000 2018,1.0,0.0,0.0,"In Opinion 

David Brooks writes that the power of ""Won't You Be My Neighbor?"" is in Mr. Rogers‚Äôs ""radical kindness‚Ä¶ https://t.co/QExGtqQb3j"
439,0.3612,Sat Jul 07 22:00:13 +0000 2018,0.898,0.0,0.102,"‚ÄúAfter all these years, we‚Äôre still side by side. And it‚Äôs going to stay that way forever, just like our initials o‚Ä¶ https://t.co/oVY9Y5lZR0"
440,-0.296,Sat Jul 07 21:45:08 +0000 2018,0.901,0.099,0.0,"""I look forward to the day when women ‚Äî single, married and otherwise ‚Äî no longer need the words 'husband' and 'bab‚Ä¶ https://t.co/3xifkrrh2f"
441,0.0,Sat Jul 07 21:30:15 +0000 2018,1.0,0.0,0.0,The World Cup is the planet‚Äôs most-watched sporting competition. But it's an afterthought for soccer‚Äôs elite scouts. https://t.co/FEpaiDnUpI
442,0.0,Sat Jul 07 21:15:06 +0000 2018,1.0,0.0,0.0,"‚ÄúMrs.‚Äù Serena Williams is not, anywhere but Wimbledon, actually her name https://t.co/1FL8OFgD1B"
443,0.0,Sat Jul 07 21:00:13 +0000 2018,0.68,0.136,0.184,"‚ÄúEveryone admits it‚Äôs happening, but no one wants to admit it has happened to their families"" https://t.co/CAiKbz5LwV"
444,0.5719,Sat Jul 07 20:53:46 +0000 2018,0.844,0.0,0.156,Croatia wins it over Russia in penalties in their quarterfinal match in the 2018 World Cup. Croatia will face Engla‚Ä¶ https://t.co/JtBw2Nat6O
445,-0.4939,Sat Jul 07 20:45:03 +0000 2018,0.842,0.158,0.0,"Over 200 people have been infected by an intestinal parasite after reportedly eating Del Monte vegetables, authorit‚Ä¶ https://t.co/S9ZMO1Ts93"
446,0.4588,Sat Jul 07 20:30:08 +0000 2018,0.875,0.0,0.125,"Trump views the Neil Gorsuch nomination as one of the triumphs of his presidency. So for his second pick, the simil‚Ä¶ https://t.co/WV1TraYGdG"
447,0.1779,Sat Jul 07 20:15:07 +0000 2018,0.918,0.0,0.082,"Anne Frank's family tried to escape the Nazis. The U.S. immigration process got in the way, new research shows. https://t.co/R72xVFo3kD"
448,0.0,Sat Jul 07 20:00:08 +0000 2018,1.0,0.0,0.0,"In Opinion

Erika R. Cheng, Lauren G. Fiechtner and Aaron E. Carroll write, ""In the past decade or so, we have succ‚Ä¶ https://t.co/s6AhI9uId6"
449,0.34,Sat Jul 07 19:45:07 +0000 2018,0.699,0.12,0.181,Many of the Islamic State's senior leaders have been killed. But American intelligence and military officials warn‚Ä¶ https://t.co/aWxBJcBif9
450,0.6369,Sat Jul 07 19:30:13 +0000 2018,0.756,0.0,0.244,"If you love yogurt, making your own should be a culinary right of passage https://t.co/yH143aYUy7"
451,-0.128,Sat Jul 07 19:15:05 +0000 2018,0.933,0.067,0.0,"Democratic senators in tough races in red states are in a bind: If they vote for a Trump court pick, they may save‚Ä¶ https://t.co/2osEnF27KU"
452,0.4404,Sat Jul 07 19:00:09 +0000 2018,0.854,0.0,0.146,"In Opinion 

Annie Lowrey writes, ""The country‚Äôs strongest anti-poverty programs are in many cases also its simples‚Ä¶ https://t.co/xvFKPhbxcJ"
453,-0.4939,Sat Jul 07 18:45:05 +0000 2018,0.792,0.208,0.0,Representative Jim Jordan remains defiant amid accusations from Ohio State University wrestlers who say he knew of‚Ä¶ https://t.co/SmtxB72NeF
454,-0.5574,Sat Jul 07 18:30:06 +0000 2018,0.865,0.135,0.0,Trump has said that trade wars are ‚Äúeasy to win.‚Äù The question is whether he has a plan to achieve the results he w‚Ä¶ https://t.co/maZGcxVpQb
455,0.0,Sat Jul 07 18:15:05 +0000 2018,1.0,0.0,0.0,"Rather than retreating from flood-prone New York City neighborhoods after Hurricane Sandy, some developers are wadi‚Ä¶ https://t.co/aggBaU9stb"
456,0.5657,Sat Jul 07 18:00:04 +0000 2018,0.704,0.096,0.2,"RT @NYTNational: In Alabama, a man known as a prisoner's rights advocate is facing death row. But he didn't kill anyone. https://t.co/MyDit‚Ä¶"
457,0.5106,Sat Jul 07 17:45:05 +0000 2018,0.588,0.166,0.246,"A downside to fame in the social media age: a flood of bogus celebrity accounts that spread lies, pledge love and d‚Ä¶ https://t.co/l3ZfGeaTlh"
458,0.0,Sat Jul 07 17:33:41 +0000 2018,1.0,0.0,0.0,"Records for over 14,000 nursing homes show big fluctuations in staffing from day to day. At one home, there was 1 a‚Ä¶ https://t.co/4RScngbgwu"
459,0.5574,Sat Jul 07 17:15:06 +0000 2018,0.833,0.0,0.167,"The majority of romance novels on the best-seller lists are by and about white, heterosexual people. These writers‚Ä¶ https://t.co/SwDyQV1jCn"
460,0.8519,Sat Jul 07 17:00:13 +0000 2018,0.583,0.0,0.417,"Increasingly, the desire to save the sea turtle is winning out, especially among younger Balinese https://t.co/C6i4DEy2mW"
461,-0.7964,Sat Jul 07 16:48:19 +0000 2018,0.747,0.253,0.0,"Macerata, Italy, once had a reputation for embracing migrants. But the town has turned on them after a killing and‚Ä¶ https://t.co/eCyUsWedHE"
462,-0.5994,Sat Jul 07 16:47:47 +0000 2018,0.795,0.205,0.0,RT @nytopinion: It‚Äôs a mistake to doubt the sincerity of Susan Collins‚Äôs and Lisa Murkowski‚Äôs dedication to questions of women‚Äôs health. Wh‚Ä¶
463,0.0,Sat Jul 07 16:30:02 +0000 2018,1.0,0.0,0.0,Your weekend playlist has arrived https://t.co/OsO5M8rT1D
464,0.2732,Sat Jul 07 16:15:09 +0000 2018,0.896,0.0,0.104,Scott Pruitt‚Äôs fall from the EPA is a story of his diminishing relationship with many of his closest loyalists https://t.co/j6HQxGBX21
465,0.0,Sat Jul 07 16:03:02 +0000 2018,1.0,0.0,0.0,"England breezed past Sweden, 2-0, to enter the semifinals of the World Cup for the first time since 1990 https://t.co/5ZcJ1EBv4s"
466,0.0,Sat Jul 07 15:50:04 +0000 2018,1.0,0.0,0.0,"‚ÄúWe live in a Red Sox/Yankees world. And you have to pick a team,‚Äù Alan Dershowitz said. But it's more complicated‚Ä¶ https://t.co/jsXSlTv0Xf"
467,-0.0772,Sat Jul 07 15:35:02 +0000 2018,0.534,0.221,0.246,"Steve Ditko helped create Spider-Man and Dr. Strange, villains like the Green Goblin and Dr. Octopus, and fan favor‚Ä¶ https://t.co/r8sYYcXtxO"
468,0.0,Sat Jul 07 15:20:09 +0000 2018,1.0,0.0,0.0,"England leads Sweden, 1-0, in the second half of this World Cup quarterfinal game. Follow live: https://t.co/NLBl0UQ9zQ"
469,-0.3612,Sat Jul 07 15:06:17 +0000 2018,0.872,0.128,0.0,There are schools inside the shelters and detention centers housing migrant children. The education offered is unev‚Ä¶ https://t.co/roI3oMAneR
470,0.5106,Sat Jul 07 14:50:03 +0000 2018,0.864,0.0,0.136,"Divers have to navigate flooded passages, with some openings as small as 3 feet wide, to rescue 12 boys and their s‚Ä¶ https://t.co/pldlN7TmvJ"
471,0.0,Sat Jul 07 14:37:41 +0000 2018,1.0,0.0,0.0,Another video of a white person calling the police on a black person for an everyday activity has surfaced. This ti‚Ä¶ https://t.co/4TE6fjqPMl
472,-0.4019,Sat Jul 07 14:22:03 +0000 2018,0.802,0.198,0.0,"Breaking News: North Korea accused the U.S. of a ‚Äúgangster-like demand for denuclearization,‚Äù even as Secretary of‚Ä¶ https://t.co/BXuBX1jWpK"
473,0.0772,Sat Jul 07 14:10:15 +0000 2018,0.817,0.086,0.097,These badges have to be worn by all fans at the World Cup. That includes VIPs like Diego Maradona and Sepp Blatter. https://t.co/rn4HfW6Wrz
474,-0.6908,Sat Jul 07 13:53:51 +0000 2018,0.657,0.343,0.0,Al Qaeda-Backed Terrorist Group Has a New Target: Plastic Bags https://t.co/SZpfp6L0H3
475,0.0,Sat Jul 07 13:48:46 +0000 2018,0.679,0.16,0.16,"A little-known progressive scored a stunning upset in a Democratic primary. Before Alexandria Ocasio-Cortez, there‚Ä¶ https://t.co/BYVgZcxZyJ"
476,-0.34,Sat Jul 07 13:29:59 +0000 2018,0.882,0.118,0.0,Amy McGrath went from a U.S. Naval Academy graduate to a Marine combat aviator to a candidate for Congress. Why? Sh‚Ä¶ https://t.co/rq2YxGIjFH
477,0.0,Sat Jul 07 13:10:56 +0000 2018,1.0,0.0,0.0,England vs. Sweden: World Cup 2018 Live https://t.co/vwZMsYps15
478,0.0,Sat Jul 07 13:01:03 +0000 2018,1.0,0.0,0.0,How the watch the World Cup quarterfinals https://t.co/JxV8jorX2i
479,0.0,Sat Jul 07 12:40:03 +0000 2018,1.0,0.0,0.0,RT @hfairfield: These are the 76 environmental rules being rolled back by Trump: (EPA involved in about a third of them): https://t.co/FY7b‚Ä¶
480,0.0,Sat Jul 07 12:25:05 +0000 2018,1.0,0.0,0.0,Plan to Exhume Franco Renews Spain‚Äôs Wrestle With History https://t.co/4A78pCZspD
481,0.8176,Sat Jul 07 12:15:29 +0000 2018,0.694,0.0,0.306,"The best places to watch the World Cup in NYC, whether you're cheering for Croatia, Brazil or Russia https://t.co/IuLnVPxHyC"
482,-0.6705,Sat Jul 07 11:56:33 +0000 2018,0.727,0.273,0.0,Dozens Are Killed and 1.6 Million Evacuated as ‚ÄòHistoric‚Äô Rains Pound Japan https://t.co/2lhQHL8QGX
483,-0.2263,Sat Jul 07 11:48:58 +0000 2018,0.881,0.119,0.0,RT @NYTSports: ‚ÄúNeymar does what all beginning actors do. They oversell the event.‚Äù https://t.co/VXkIRwNMOk https://t.co/vN6tWGPuzs
484,0.891,Sat Jul 07 11:31:04 +0000 2018,0.642,0.0,0.358,"Why England will win the World Cup:
‚Ä¢ England is healthy, rested and young
‚Ä¢ England is great at set pieces

Why En‚Ä¶ https://t.co/k8ihInmPrb"
485,-0.2263,Sat Jul 07 11:07:59 +0000 2018,0.899,0.101,0.0,Lions on a South African game reserve ate as many as 3 men who were suspected of poaching rhinos https://t.co/oJdlJs1vj2
486,-0.4767,Sat Jul 07 10:49:55 +0000 2018,0.86,0.14,0.0,"""Everything about the weeklong Caribbean cruise is meant to buff life‚Äôs unpleasant edges into sea glass. If it soun‚Ä¶ https://t.co/ZYIi1VINsr"
487,0.0,Sat Jul 07 10:32:32 +0000 2018,1.0,0.0,0.0,"""All plant-based foods are 'superfoods' in the sense that they offer fiber, vitamins, minerals and phytonutrients"" https://t.co/YGxTNw9zp6"
488,-0.4767,Sat Jul 07 10:15:05 +0000 2018,0.846,0.154,0.0,It's a shame we're talking about Zlatan Ibrahimovic as Sweden approaches the World Cup quarterfinals for the first‚Ä¶ https://t.co/0bsZ3WYMAu
489,0.0,Sat Jul 07 10:11:46 +0000 2018,1.0,0.0,0.0,The Look: Bomba: The Enduring Anthem of Puerto Rico https://t.co/4kQo4GVXV9
490,0.0,Sat Jul 07 10:04:59 +0000 2018,1.0,0.0,0.0,"In St. Petersburg, Managing Sleep and Soccer https://t.co/iVSmestwpL"
491,-0.8225,Sat Jul 07 10:00:30 +0000 2018,0.513,0.487,0.0,Nonfiction: The Opium War and the Humiliation of China https://t.co/zP8SOHgyrx
492,-0.4767,Sat Jul 07 09:48:30 +0000 2018,0.86,0.14,0.0,"""Everything about the weeklong Caribbean cruise is meant to buff life‚Äôs unpleasant edges into sea glass. If it soun‚Ä¶ https://t.co/r0CnvwiTWt"
493,-0.1027,Sat Jul 07 09:31:15 +0000 2018,0.924,0.076,0.0,What you pay at the pharmacy for generic drugs can vary widely based on where you live https://t.co/Kxmgh6M0nd
494,0.3818,Sat Jul 07 09:14:08 +0000 2018,0.88,0.0,0.12,"RT @nytopinion: Ben Carson, Trump's secretary of HUD and a devout Seventh-day Adventist, has described commitment to the separation of chur‚Ä¶"
495,0.3182,Sat Jul 07 08:58:06 +0000 2018,0.753,0.0,0.247,Here‚Äôs Some Cryptocurrency. Now Please Use It. https://t.co/foYqmXlk0H
496,0.0,Sat Jul 07 08:54:16 +0000 2018,1.0,0.0,0.0,"The new White House communications official, Bill Shine, lifted Fox News but carries the weight of the network‚Äôs ha‚Ä¶ https://t.co/KUU2OroAlV"
497,-0.34,Sat Jul 07 08:37:34 +0000 2018,0.844,0.156,0.0,"If you‚Äôre seeing ‚ÄúSorry to Bother You‚Äù this weekend, stream these titles afterwards
https://t.co/SjNEzDIoxa"
498,0.1779,Sat Jul 07 08:21:04 +0000 2018,0.904,0.0,0.096,"If you‚Äôre going to adopt a country for the World Cup, why not one you experienced firsthand? https://t.co/mmVCGJzaJH"
499,0.0,Sat Jul 07 08:03:44 +0000 2018,1.0,0.0,0.0,RT @nytimesbooks: Ta-Nehisi Coates takes the helm of Captain America this month. He explains where he‚Äôs taking the Star-Spangled Avenger in‚Ä¶
